-- phpMyAdmin SQL Dump
-- version 4.7.4
-- https://www.phpmyadmin.net/
--
-- Host: 127.0.0.1
-- Generation Time: Jul 06, 2018 at 12:44 PM
-- Server version: 10.1.29-MariaDB
-- PHP Version: 7.0.26

SET SQL_MODE = "NO_AUTO_VALUE_ON_ZERO";
SET AUTOCOMMIT = 0;
START TRANSACTION;
SET time_zone = "+00:00";


/*!40101 SET @OLD_CHARACTER_SET_CLIENT=@@CHARACTER_SET_CLIENT */;
/*!40101 SET @OLD_CHARACTER_SET_RESULTS=@@CHARACTER_SET_RESULTS */;
/*!40101 SET @OLD_COLLATION_CONNECTION=@@COLLATION_CONNECTION */;
/*!40101 SET NAMES utf8mb4 */;

--
-- Database: `test`
--

-- --------------------------------------------------------

--
-- Table structure for table `fifth`
--

CREATE TABLE `fifth` (
  `id` varchar(10) NOT NULL,
  `name` varchar(80) DEFAULT NULL,
  `Oral Surgery` varchar(50) DEFAULT NULL,
  `Conservative Dentistry` varchar(50) DEFAULT NULL,
  `Prosthodontics` varchar(50) DEFAULT NULL,
  `Orthodontics` varchar(50) DEFAULT NULL,
  `Periodontics` varchar(50) DEFAULT NULL,
  `Oral Medicine` varchar(50) DEFAULT NULL,
  `Pedodontics` varchar(50) DEFAULT NULL,
  `Preventive Dentistry` varchar(50) DEFAULT NULL
) ENGINE=InnoDB DEFAULT CHARSET=utf8mb4;

--
-- Dumping data for table `fifth`
--

INSERT INTO `fifth` (`id`, `name`, `Oral Surgery`, `Conservative Dentistry`, `Prosthodontics`, `Orthodontics`, `Periodontics`, `Oral Medicine`, `Pedodontics`, `Preventive Dentistry`) VALUES
('01GdQbJw', 'سوميا محمد على فتاح', NULL, NULL, NULL, NULL, NULL, NULL, NULL, NULL),
('0cBL1CYn', 'ديدار نجات فرج', NULL, NULL, NULL, NULL, NULL, NULL, NULL, NULL),
('11odQdxb', 'سۆما احمد تۆفيق عبدالرحمن', NULL, NULL, NULL, NULL, NULL, NULL, NULL, NULL),
('1l6eGTd4', 'ساڤين اكرم على سعيد', NULL, NULL, NULL, NULL, NULL, NULL, NULL, NULL),
('1nsvl6sM', 'جێگر كريم حمه ره‌ش حمه شريف', NULL, NULL, NULL, NULL, NULL, NULL, NULL, NULL),
('2bPimHs3', 'محمد عبدالسلام حميد رشيد', NULL, NULL, NULL, NULL, NULL, NULL, NULL, NULL),
('30fDzmlP', 'ديه فيداكار محمد كريم', NULL, NULL, NULL, NULL, NULL, NULL, NULL, NULL),
('3c56nAyT', 'ڕاستى فريق دارا', NULL, NULL, NULL, NULL, NULL, NULL, NULL, NULL),
('3HGOxRpo', 'به‌رزى به‌رزان محمد فاضل ابراهيم', NULL, NULL, NULL, NULL, NULL, NULL, NULL, NULL),
('3tXAHrVk', 'ئالان سرمد هيوا عارف', NULL, NULL, NULL, NULL, NULL, NULL, NULL, NULL),
('4DNI1qVY', 'محمد احمد محمد فرج', NULL, NULL, NULL, NULL, NULL, NULL, NULL, NULL),
('4OdY42RV', 'محمد سه‌ردار وهاب محمد', NULL, NULL, NULL, NULL, NULL, NULL, NULL, NULL),
('5BsNgjs0', 'سۆما خطاب محمد احمد', NULL, NULL, NULL, NULL, NULL, NULL, NULL, NULL),
('6Rdjhsez', 'بڵند شوان عثمان كريم', NULL, NULL, NULL, NULL, NULL, NULL, NULL, NULL),
('6Wy8YFRC', 'ڕۆشنا جمال محمد حسين', NULL, NULL, NULL, NULL, NULL, NULL, NULL, NULL),
('7cSyoXoU', 'هانا شهاب احمد رشيد', NULL, NULL, NULL, NULL, NULL, NULL, NULL, NULL),
('7M3mGmtD', 'ئه‌مه‌ل عمر قادر محمود', NULL, NULL, NULL, NULL, NULL, NULL, NULL, NULL),
('8pGZi4EH', 'نور نورالدين ناصح قادر', NULL, NULL, NULL, NULL, NULL, NULL, NULL, NULL),
('aOPInkVN', 'تاژان ئازاد حمه صالح محمود', NULL, NULL, NULL, NULL, '', NULL, NULL, NULL),
('B487jVfq', 'رێناس محسن مصطفى محمد عباس', NULL, NULL, NULL, NULL, NULL, NULL, NULL, NULL),
('bazx4wdj', 'مهران خليل احمد', NULL, NULL, NULL, NULL, NULL, NULL, NULL, NULL),
('bMjxyLC2', 'ميران عبدالله حسن', NULL, NULL, NULL, NULL, NULL, NULL, NULL, NULL),
('C31ZrO8I', 'شێنێ محمد احمد محمد', NULL, NULL, NULL, NULL, NULL, NULL, NULL, NULL),
('c4KYYFvR', 'شه‌نگه بارزان معروف مجيد', NULL, NULL, NULL, NULL, NULL, NULL, NULL, NULL),
('cJnOp9ol', 'شاديه ظاهر محمدر', NULL, NULL, NULL, NULL, NULL, NULL, NULL, NULL),
('cthKYqJI', 'محمد ابراهيم اسماعيل امين', NULL, NULL, NULL, NULL, NULL, NULL, NULL, NULL),
('DDD666YY', 'میران حکمت محمد', 'nill', 'nill', '59', '90', 'nill', '100', '50', '76'),
('eAgpN7PG', 'نه‌وا نبيل حسين مراد', NULL, NULL, NULL, NULL, NULL, NULL, NULL, NULL),
('EfswZpMp', 'ده‌رواز احمد رسو اسماعيل', NULL, NULL, NULL, NULL, NULL, NULL, NULL, NULL),
('EoXE74F0', 'گه‌شبين محمد على حسن', NULL, NULL, NULL, NULL, NULL, NULL, NULL, NULL),
('epKfOx5z', 'اسيا احمد  مصطفى رشيد', NULL, NULL, NULL, NULL, NULL, NULL, NULL, NULL),
('EPVFZGSR', 'سنور قادر عبدالله سعيد', NULL, NULL, NULL, NULL, NULL, NULL, NULL, NULL),
('Eq0wMqYn', 'كانياو حمد على تؤفيق', NULL, NULL, NULL, NULL, NULL, NULL, NULL, NULL),
('F3bQlCpa', 'بڕيار اسماعيل محمود يوسف', NULL, NULL, NULL, NULL, NULL, NULL, NULL, NULL),
('FbeaGcES', 'حسن هيشام عارف', NULL, NULL, NULL, NULL, NULL, NULL, NULL, NULL),
('fvMK8xh9', 'ئاڵا جمال حمه رشيد صالح', NULL, NULL, NULL, NULL, NULL, NULL, NULL, NULL),
('g8NBiN1x', 'هه‌رێم عمر ابراهيم اسماعيل', NULL, NULL, NULL, NULL, NULL, NULL, NULL, NULL),
('gjaMo1Mz', 'ئه‌وين مزفر كريم عبدالله', NULL, NULL, NULL, NULL, NULL, NULL, NULL, NULL),
('gkGCgRPG', 'نه‌رمين جاسم صابر مصطفى', NULL, NULL, NULL, NULL, NULL, NULL, NULL, NULL),
('hAO06jDl', 'ڕه‌نج ابراهيم خالد عبدالله', NULL, NULL, NULL, NULL, NULL, NULL, NULL, NULL),
('hwztBYLX', 'لۆنا كمال احمد محمد', NULL, NULL, NULL, NULL, NULL, NULL, NULL, NULL),
('HXW8xTxs', 'شێنێ سليم لطيف حمه كريم', NULL, NULL, NULL, NULL, NULL, NULL, NULL, NULL),
('I1mHrqBe', 'تابلۆ كامه‌ران على مجيد', NULL, NULL, NULL, NULL, NULL, NULL, NULL, NULL),
('IAGHUYVq', 'گه‌شاو فاضل محمد حميد', NULL, NULL, NULL, NULL, NULL, NULL, NULL, NULL),
('iEzrSJRG', 'كۆسار سعيد فةره‌ج غةفور', NULL, NULL, NULL, NULL, NULL, NULL, NULL, NULL),
('iLUD14KW', 'که‌ژیين خالد احمد صالح', NULL, NULL, NULL, NULL, NULL, NULL, NULL, NULL),
('JbpcRwvJ', 'شكار جمال عبدالكريم فتاح', NULL, NULL, NULL, NULL, NULL, NULL, NULL, NULL),
('jcARETn7', 'كۆسره‌ت قادر على فتاح', NULL, NULL, NULL, NULL, NULL, NULL, NULL, NULL),
('JQEebU33', 'شه‌هێن عبد الرحمن طه فتح المبين', NULL, NULL, NULL, NULL, NULL, NULL, NULL, NULL),
('K2qDEPDH', 'سارا عماد محمد كريم ', NULL, NULL, NULL, NULL, NULL, NULL, NULL, NULL),
('keMwWdn1', 'هيوا فاتح كريم سعيد', NULL, NULL, NULL, NULL, NULL, NULL, NULL, NULL),
('l2AKq5Zi', 'هه‌ناو عمر عبدالله احمد', NULL, NULL, NULL, NULL, NULL, NULL, NULL, NULL),
('ll18GCvK', 'محمد صديق عبدالقادر', NULL, NULL, NULL, NULL, NULL, NULL, NULL, NULL),
('m5cFmQcc', 'هێڤین عيماد جوهر قاسم', NULL, NULL, NULL, NULL, NULL, NULL, NULL, NULL),
('mEItaitQ', 'پاوان محمد حمه امين حسن', NULL, NULL, NULL, NULL, NULL, NULL, NULL, NULL),
('mQkjaIay', 'توانا بكر رحيم', NULL, NULL, NULL, NULL, NULL, NULL, NULL, NULL),
('NKBkydDy', 'زينب عزالدين فخرالدين بهاءالدين', NULL, NULL, NULL, NULL, NULL, NULL, NULL, NULL),
('O0Ng8xMb', 'ژيوار عفان حمةخان جعفر', NULL, NULL, NULL, NULL, NULL, NULL, NULL, NULL),
('o6aX4WbC', 'عزيز صالح رسول', NULL, NULL, NULL, NULL, NULL, NULL, NULL, NULL),
('oCRUqaDK', 'هاڤانا حمه رشيد نادر حمه لطيف', NULL, NULL, NULL, NULL, NULL, NULL, NULL, NULL),
('oN1gORRW', 'تابان طالب على محمد', NULL, NULL, NULL, NULL, NULL, NULL, NULL, NULL),
('oOjYv5vw', 'کۆژین اسماعيل عبدالكريم', NULL, NULL, NULL, NULL, NULL, NULL, NULL, NULL),
('P8ITdVLE', 'پرژه كاوه محمد عبدالله', NULL, NULL, NULL, NULL, NULL, NULL, NULL, NULL),
('Pd3mnHgT', 'باوه‌ر محمد حسن احمد', NULL, NULL, NULL, NULL, NULL, NULL, NULL, NULL),
('PRw76nbc', 'ڕاژان كامل فتاح سعيد', NULL, NULL, NULL, NULL, NULL, NULL, NULL, NULL),
('qhLaycvx', 'ئه‌ژین كمال حاجى على', NULL, NULL, NULL, NULL, '', NULL, NULL, NULL),
('Qk6jQaqH', 'ڕێنوار ئاوات عمر', NULL, NULL, NULL, NULL, NULL, NULL, NULL, NULL),
('QtENULTq', 'شيماء محمد محمد امين', NULL, NULL, NULL, NULL, NULL, NULL, NULL, NULL),
('RRuW5dLZ', 'شێنێ احمد حمه امين محمد', NULL, NULL, NULL, NULL, NULL, NULL, NULL, NULL),
('S1WAFeG0', 'مهدى احمد محمد حسن', NULL, NULL, NULL, NULL, NULL, NULL, NULL, NULL),
('SDQZbwww', 'ناسكه محمد صابر فرج', NULL, NULL, NULL, NULL, NULL, NULL, NULL, NULL),
('SmGLY7E5', 'کاڵێ طيب كريم يابا', NULL, NULL, NULL, NULL, NULL, NULL, NULL, NULL),
('TGFC3wP9', 'ساز عمر خطاب عمر ', NULL, NULL, NULL, NULL, NULL, NULL, NULL, NULL),
('TseHDqFV', 'ئانيا سيروان عزت مصطفى', NULL, NULL, NULL, NULL, NULL, NULL, NULL, NULL),
('tZFqxcqR', 'داستان كامه‌ران رمضان', NULL, NULL, NULL, NULL, NULL, NULL, NULL, NULL),
('u2Ku4J9Q', 'ئاكام ابراهيم محمد على', NULL, NULL, NULL, NULL, NULL, NULL, NULL, NULL),
('uNWktR3I', 'ژوان قادر سعيد حسن', NULL, NULL, NULL, NULL, NULL, NULL, NULL, NULL),
('uXTXbOWo', 'ئاهه‌نگ غازى عبدالله حمد', NULL, NULL, NULL, NULL, NULL, NULL, NULL, NULL),
('v4qRW6eN', 'ره‌ند ئارى عثمان عمر', NULL, NULL, NULL, NULL, NULL, NULL, NULL, NULL),
('V5n8DSJx', 'دێرین محمود سعيد احمد', NULL, NULL, NULL, NULL, NULL, NULL, NULL, NULL),
('wF3UCE16', 'بانه سلام قادر احمد', NULL, NULL, NULL, NULL, NULL, NULL, NULL, NULL),
('xagjclwQ', 'حسين ازاد عبدالله سلام', NULL, NULL, NULL, NULL, NULL, NULL, NULL, NULL),
('xKbwpXOl', 'هاوڕێ حسن احمد', NULL, NULL, NULL, NULL, NULL, NULL, NULL, NULL),
('xpxrMBmt', 'هێمن محمود عبدالله محمد', NULL, NULL, NULL, NULL, NULL, NULL, NULL, NULL),
('ycpVo6vK', 'تاڤگه علاالدين محمد امين', NULL, NULL, NULL, NULL, NULL, NULL, NULL, NULL),
('yxLBpvta', 'سيلان احمد حمةصالح احمد', NULL, NULL, NULL, NULL, NULL, NULL, NULL, NULL),
('zesCOrYo', 'نیگا فاضل عمر فرج', NULL, NULL, NULL, NULL, NULL, NULL, NULL, NULL),
('Zv9y37rM', 'سۆما سالم سليمان عثمان', NULL, NULL, NULL, NULL, NULL, NULL, NULL, NULL),
('zYOEPm8R', 'هێلين ماجد حسين غنى', NULL, NULL, NULL, NULL, NULL, NULL, NULL, NULL);

-- --------------------------------------------------------

--
-- Table structure for table `first`
--

CREATE TABLE `first` (
  `id` varchar(10) NOT NULL,
  `name` varchar(50) DEFAULT NULL,
  `Dental Anatomy` varchar(50) DEFAULT NULL,
  `Clinical Oriented Anatomy` varchar(50) DEFAULT NULL,
  `Physics` varchar(50) DEFAULT NULL,
  `Chemistry` varchar(50) DEFAULT NULL,
  `Computer` varchar(50) DEFAULT NULL,
  `Biology` varchar(50) DEFAULT NULL,
  `Terminology` varchar(50) DEFAULT NULL,
  `Kurdology` varchar(50) DEFAULT NULL
) ENGINE=InnoDB DEFAULT CHARSET=utf8mb4;

--
-- Dumping data for table `first`
--

INSERT INTO `first` (`id`, `name`, `Dental Anatomy`, `Clinical Oriented Anatomy`, `Physics`, `Chemistry`, `Computer`, `Biology`, `Terminology`, `Kurdology`) VALUES
('2hSzJKzp', 'محمد حميد عبدالله فرج ', NULL, NULL, NULL, NULL, NULL, NULL, NULL, NULL),
('2Ozbf28A', 'نه‌وه‌ر سه‌روه‌ر محمد عمر', NULL, NULL, NULL, NULL, NULL, NULL, NULL, NULL),
('3hVEKUmq', 'هه‌ڵوێست جمال حسين فتاح', NULL, NULL, NULL, NULL, NULL, NULL, NULL, NULL),
('3MUEmn7U', 'اسان محمود احمد قاره‌مان', NULL, NULL, NULL, NULL, NULL, NULL, NULL, NULL),
('5hlUY2Fa', 'ڕێژین عبدالله', NULL, NULL, NULL, NULL, NULL, NULL, NULL, NULL),
('5pCWaAly', 'ڤانيا محمد حسيب عبدالكريم', NULL, NULL, NULL, NULL, NULL, NULL, NULL, NULL),
('6FeWxcSY', 'ئالان شێرزاد لطيف حسن', NULL, NULL, NULL, NULL, NULL, NULL, NULL, NULL),
('6XXtLon4', 'ژیرعبداللطيف محمد', NULL, NULL, NULL, NULL, NULL, NULL, NULL, NULL),
('78dkq9Sg', 'محمد على احمد', NULL, NULL, NULL, NULL, NULL, NULL, NULL, NULL),
('8cFZhHnU', 'بيار احمد ميرزا محمد', NULL, NULL, NULL, NULL, NULL, NULL, NULL, NULL),
('8ploRRxW', 'ڕۆژان عثمان حمه سعيد احمد', NULL, NULL, NULL, NULL, NULL, NULL, NULL, NULL),
('8s2LqP8X', 'مروه كامران جمال حسين', NULL, NULL, NULL, NULL, NULL, NULL, NULL, NULL),
('97ivr553', 'مصطفى بكر محمود حمه', NULL, NULL, NULL, NULL, NULL, NULL, NULL, NULL),
('9aG6w9rY', 'لاڤه جليل تۆفيق كاكه برا', NULL, NULL, NULL, NULL, NULL, NULL, NULL, NULL),
('ADmsPV5s', 'ئه‌ژى زانا رؤؤف حسن', NULL, NULL, NULL, NULL, NULL, NULL, NULL, NULL),
('adTBeuH3', 'رضوان صلاح عبدالكريم زۆراب', NULL, NULL, NULL, NULL, NULL, NULL, NULL, NULL),
('ALBL2r20', 'شانيا تيمور عزيز محمد', NULL, NULL, NULL, NULL, NULL, NULL, NULL, NULL),
('ALSKKJ89', 'ئه‌وين عاصى فرود (Dental Anatomy) عبور', NULL, NULL, NULL, NULL, NULL, NULL, NULL, NULL),
('aRaqri8A', 'راميار جلال لطيف قادر', NULL, NULL, NULL, NULL, NULL, NULL, NULL, NULL),
('asY2f9jD', 'الاء ابراهيم عثمان على', NULL, NULL, NULL, NULL, NULL, NULL, NULL, NULL),
('bbqKoyZ7', 'ترێ به‌هزاد رؤوف مصطفى', NULL, NULL, NULL, NULL, NULL, NULL, NULL, NULL),
('bQiIhG1U', 'نوال مصطفى عبدالله احمد', NULL, NULL, NULL, NULL, NULL, NULL, NULL, NULL),
('C8Z7u6hs', 'محمد جمال مجيد عبدلله', NULL, NULL, NULL, NULL, NULL, NULL, NULL, NULL),
('C9B16iJJ', 'احمد حسن قادر عبدالرحمن', NULL, NULL, NULL, NULL, NULL, NULL, NULL, NULL),
('cCTAhOZy', 'ماريا اسماعيل احمد محمد', NULL, NULL, NULL, NULL, NULL, NULL, NULL, NULL),
('ChcMpKMi', 'مروان جمال محمد عبدالله', NULL, NULL, NULL, NULL, NULL, NULL, NULL, NULL),
('cz99WMae', ' سه‌ربه‌ست حسن فتاح (computer ) عبور', NULL, NULL, NULL, NULL, NULL, NULL, NULL, NULL),
('dB0erjYY', 'رِه‌وشت ئازاد محمود خدر', NULL, NULL, NULL, NULL, NULL, NULL, NULL, NULL),
('DB10a8L2', 'رِۆشنا بابكر عمر بابكر', NULL, NULL, NULL, NULL, NULL, NULL, NULL, NULL),
('DDD666YY', 'میران حکمت محمد', '50', '100', '99', '23', 'nill', 'nill', '50', '67'),
('E4X1bKtb', 'رِێبين على محمد محمد', NULL, NULL, NULL, NULL, NULL, NULL, NULL, NULL),
('eiQXgUjj', 'محمد عبدالله محمد على', NULL, NULL, NULL, NULL, NULL, NULL, NULL, NULL),
('ekHA6kpB', 'محمد لقمان ابراهيم رشيد', NULL, NULL, NULL, NULL, NULL, NULL, NULL, NULL),
('eMCVpBV1', 'احمد فريق حمه حمه رحيم', NULL, NULL, NULL, NULL, NULL, NULL, NULL, NULL),
('es8EyMRP', 'ره‌يان سبحان رحمان محمد', NULL, NULL, NULL, NULL, NULL, NULL, NULL, NULL),
('fdKjx8Tw', 'شاهيد بهاءلدين محمد كريم', NULL, NULL, NULL, NULL, NULL, NULL, NULL, NULL),
('g3bf1HZS', 'لارا أبراهيم على باوه ', NULL, NULL, NULL, NULL, NULL, NULL, NULL, NULL),
('G4XduQhj', 'لاوه‌ند ابراهيم عارف عبدالله', NULL, NULL, NULL, NULL, NULL, NULL, NULL, NULL),
('GbrnXvfG', 'نيگار لقمان غفور رشيد', NULL, NULL, NULL, NULL, NULL, NULL, NULL, NULL),
('gcTWhDyB', 'ديه رِێبوار نورى محمد ', NULL, NULL, NULL, NULL, NULL, NULL, NULL, NULL),
('GNXI4rLY', 'هانا لتيف عبدالقادر', NULL, NULL, NULL, NULL, NULL, NULL, NULL, NULL),
('GsKcWuKJ', 'په‌يام فائق احمد عبدالله', NULL, NULL, NULL, NULL, NULL, NULL, NULL, NULL),
('h5d0v4lP', 'هێڤین لوقمان محمود أحمد ', NULL, NULL, NULL, NULL, NULL, NULL, NULL, NULL),
('hB8Ks4tk', 'چرۆ احمد', NULL, NULL, NULL, NULL, NULL, NULL, NULL, NULL),
('hEzrk6gN', 'محمد ئارام عبداللة صالح', NULL, NULL, NULL, NULL, NULL, NULL, NULL, NULL),
('HJKLO123', 'ساڕێژ عبدالله خزر (Chemistry ) عبور', NULL, NULL, NULL, NULL, NULL, NULL, NULL, NULL),
('HkU32r4k', 'رابەر فاروق کریم عبداللە', NULL, NULL, NULL, NULL, NULL, NULL, NULL, NULL),
('HRGLWgvF', 'شكار ابوبكر على احمد', NULL, NULL, NULL, NULL, NULL, NULL, NULL, NULL),
('JgYSzIWM', 'ساكار صالح محمدعبدالرحمان', NULL, NULL, NULL, NULL, NULL, NULL, NULL, NULL),
('jqmFAzzN', 'پاكان بايزيد حسن عبدالله ', NULL, NULL, NULL, NULL, NULL, NULL, NULL, NULL),
('Jwn6gpmB', 'سۆما ناضم', NULL, NULL, NULL, NULL, NULL, NULL, NULL, NULL),
('kyhJXWM4', 'يوسف اسعد عبدالوهاب رِسولَ', NULL, NULL, NULL, NULL, NULL, NULL, NULL, NULL),
('L2USboLM', 'كاروخ جبار حمة أحمد', NULL, NULL, NULL, NULL, NULL, NULL, NULL, NULL),
('LuD5n6kz', 'دانا محمد عبدالکریم ', NULL, NULL, NULL, NULL, NULL, NULL, NULL, NULL),
('m2CkvXpm', 'داليا على عبداللة شريف', NULL, NULL, NULL, NULL, NULL, NULL, NULL, NULL),
('miTaUvCG', 'نينا برهان عبدالكريم محمد', NULL, NULL, NULL, NULL, NULL, NULL, NULL, NULL),
('MNB632TT', 'کازیوه ئیدریس', NULL, NULL, NULL, NULL, NULL, NULL, NULL, NULL),
('MXuM9E91', 'مه‌زن رزگار محمد امين ', NULL, NULL, NULL, NULL, NULL, NULL, NULL, NULL),
('Nul8OUn8', 'ئاكار محمد محمد رحيم', NULL, NULL, NULL, NULL, NULL, NULL, NULL, NULL),
('o60giF7D', 'له‌نيا عمر حسن حمه', NULL, NULL, NULL, NULL, NULL, NULL, NULL, NULL),
('OCoPU2Fq', 'ئاشنا عبدالله صالح احمد', NULL, NULL, NULL, NULL, NULL, NULL, NULL, NULL),
('Or46ncVQ', 'بروا امين عبدالصمد عبدالله', NULL, NULL, NULL, NULL, NULL, NULL, NULL, NULL),
('OxFHWXsn', 'سۆلين انوه‌ر ابوبكر كريم ', NULL, NULL, NULL, NULL, NULL, NULL, NULL, NULL),
('PifZSVsl', 'ارام صابر اورحمان', NULL, NULL, NULL, NULL, NULL, NULL, NULL, NULL),
('Plk22NMj', 'ئاوا ماكۆك حمد', NULL, NULL, NULL, NULL, NULL, NULL, NULL, NULL),
('pNclFGH6', 'ڕێباز شێخه قادر رسوڵ', NULL, NULL, NULL, NULL, NULL, NULL, NULL, NULL),
('QZ8tNFg1', 'به‌شدار بشير عزيز قادر', NULL, NULL, NULL, NULL, NULL, NULL, NULL, NULL),
('RizUdjlw', 'پۆشیار جبار', NULL, NULL, NULL, NULL, NULL, NULL, NULL, NULL),
('s16nvOqC', 'عبد الجليل ', NULL, NULL, NULL, NULL, NULL, NULL, NULL, NULL),
('S2KyqbOf', 'رياض محمد عثمان حمه حسين', NULL, NULL, NULL, NULL, NULL, NULL, NULL, NULL),
('S7X60PPJ', 'خێلان عثمان محمد سعيد', NULL, NULL, NULL, NULL, NULL, NULL, NULL, NULL),
('sAw6Bdj9', 'سۆزی عبدالله عبدالرحمان احمد', NULL, NULL, NULL, NULL, NULL, NULL, NULL, NULL),
('SZsznSA8', 'رۆژ سیروان علی حمە امین', NULL, NULL, NULL, NULL, NULL, NULL, NULL, NULL),
('T3yl7jv3', 'اورڤا غازي صابر جوكل ', NULL, NULL, NULL, NULL, NULL, NULL, NULL, NULL),
('t57rbSF0', 'رِاز سوارا سعيد كريم خان', NULL, NULL, NULL, NULL, NULL, NULL, NULL, NULL),
('TFcZX2Fq', 'سارا اسماعيل قادرمحى الدين', NULL, NULL, NULL, NULL, NULL, NULL, NULL, NULL),
('tQ9sRNx9', 'تاژان عوسمان', NULL, NULL, NULL, NULL, NULL, NULL, NULL, NULL),
('TTGG66YY', 'زه‌هراء طه حمه‌ امين (Dental Anatomy) عبور', NULL, NULL, NULL, NULL, NULL, NULL, NULL, NULL),
('u1tar003', 'نينيا رِزگار تۆفيق مراد', NULL, NULL, NULL, NULL, NULL, NULL, NULL, NULL),
('vbg8xaAm', 'هێژا شێرزاد نامق عبدالكريم', NULL, NULL, NULL, NULL, NULL, NULL, NULL, NULL),
('vUV6Fo0d', 'لانة موفق على رضا', NULL, NULL, NULL, NULL, NULL, NULL, NULL, NULL),
('W6WPoyP5', 'په‌یام حسن عثمان  عبدالكريم', NULL, NULL, NULL, NULL, NULL, NULL, NULL, NULL),
('weoJC6qx', 'شانۆرحيم عبدالله حمه صالح ', NULL, NULL, NULL, NULL, NULL, NULL, NULL, NULL),
('WiaX62lj', 'رِۆزيار سالارعبدول', NULL, NULL, NULL, NULL, NULL, NULL, NULL, NULL),
('woSwZVNa', 'په‌يوه‌ست صالح على كريم', NULL, NULL, NULL, NULL, NULL, NULL, NULL, NULL),
('wxgizkkZ', 'سۆما سه‌ربه‌ست عاصى على', NULL, NULL, NULL, NULL, NULL, NULL, NULL, NULL),
('X4hwZ75Z', 'ئاسوده احمد صالح كريم', NULL, NULL, NULL, NULL, NULL, NULL, NULL, NULL),
('XjBNseVS', 'نوريا على احمد حسن ', NULL, NULL, NULL, NULL, NULL, NULL, NULL, NULL),
('XSdDVz61', 'محمد صلاح حسين حمه رحيم ', NULL, NULL, NULL, NULL, NULL, NULL, NULL, NULL),
('XXCCVV78', 'ژوان احمد مصطفى (Dental Anatomy ) عبور', NULL, NULL, NULL, NULL, NULL, NULL, NULL, NULL),
('y3vfhVBF', 'كۆسره‌ت محمد حسن قادر', NULL, NULL, NULL, NULL, NULL, NULL, NULL, NULL),
('Yc8J5cJr', 'باوان محمد محى لدين محمد', NULL, NULL, NULL, NULL, NULL, NULL, NULL, NULL),
('yufBmyWH', 'شه‌نگه ئيدريس حمه امين حسين', NULL, NULL, NULL, NULL, NULL, NULL, NULL, NULL),
('ZWJhya6R', 'شه‌هێن ئومێد علي ', NULL, NULL, NULL, NULL, NULL, NULL, NULL, NULL);

-- --------------------------------------------------------

--
-- Table structure for table `firststage`
--

CREATE TABLE `firststage` (
  `id` varchar(10) NOT NULL,
  `name` varchar(80) DEFAULT NULL,
  `Dental Anatomy` varchar(50) NOT NULL,
  `Clinical Oriented Anatomy` varchar(50) NOT NULL,
  `Physics` varchar(50) NOT NULL,
  `Chemistry` varchar(50) NOT NULL,
  `Computer` varchar(50) NOT NULL,
  `Biology` varchar(50) NOT NULL,
  `Terminology` varchar(50) NOT NULL,
  `Kurdology` varchar(50) NOT NULL
) ENGINE=InnoDB DEFAULT CHARSET=utf8mb4;

--
-- Dumping data for table `firststage`
--

INSERT INTO `firststage` (`id`, `name`, `Dental Anatomy`, `Clinical Oriented Anatomy`, `Physics`, `Chemistry`, `Computer`, `Biology`, `Terminology`, `Kurdology`) VALUES
('2hSzJKzp', 'محمد حميد عبدالله فرج', 'NULL', 'NULL', '55.785', 'NULL', '78.8', '65.25', 'NULL', 'NULL'),
('2Ozbf28A', 'نه‌وه‌ر سه‌روه‌ر محمد عمر', 'NULL', 'NULL', '43.075', 'NULL', '68.8', '43.05', 'NULL', 'NULL'),
('3hVEKUmq', 'هه‌ڵوێست جمال حسين فتاح', 'NULL', 'NULL', '50.95', 'NULL', '83.8', '66.7', 'NULL', 'NULL'),
('3MUEmn7U', 'اسان محمود احمد قاره‌مان', 'NULL', 'NULL', '58.025', 'NULL', '69.05', '60.25', 'NULL', 'NULL'),
('5hlUY2Fa', 'ڕێژین عبدالله', 'NULL', 'NULL', '41.09', 'NULL', '72.65', '44.75', 'NULL', 'NULL'),
('5pCWaAly', 'ڤانيا محمد حسيب عبدالكريم', 'NULL', 'NULL', '70.2925', 'NULL', '79.45', '77.1', 'NULL', 'NULL'),
('6FeWxcSY', 'ئالان شێرزاد لطيف حسن', 'NULL', 'NULL', '54.8775', 'NULL', '85.8', '73.3', 'NULL', 'NULL'),
('6XXtLon4', 'ژیرعبداللطيف محمد', 'NULL', 'NULL', '52.9', 'NULL', '67.85', '59', 'NULL', 'NULL'),
('78dkq9Sg', 'محمد على احمد', 'NULL', 'NULL', '46.4175', 'NULL', '79', '64.25', 'NULL', 'NULL'),
('8cFZhHnU', 'بيار احمد ميرزا محمد', 'NULL', 'NULL', '58.7', 'NULL', '76.65', '59.2', 'NULL', 'NULL'),
('8ploRRxW', 'ڕۆژان عثمان حمه سعيد احمد', 'NULL', 'NULL', '57.89', 'NULL', '63.45', '65.3', 'NULL', 'NULL'),
('8s2LqP8X', 'مروه كامران جمال حسين', 'NULL', 'NULL', '43.1125', 'NULL', '64.9', '55.1', 'NULL', 'NULL'),
('97ivr553', 'مصطفى بكر محمود حمه', 'NULL', 'NULL', '63.595', 'NULL', '87.9', '65.8', 'NULL', 'NULL'),
('9aG6w9rY', 'لاڤه جليل تۆفيق كاكه برا', 'NULL', 'NULL', '64.89', 'NULL', '77.65', '75.3', 'NULL', 'NULL'),
('ADmsPV5s', 'ئه‌ژى زانا رؤؤف حسن', 'NULL', 'NULL', '70.2175', 'NULL', '87.35', '78.6', 'NULL', 'NULL'),
('adTBeuH3', 'رضوان صلاح عبدالكريم زۆراب', 'NULL', 'NULL', '59.2425', 'NULL', '66', '63.4', 'NULL', 'NULL'),
('ALBL2r20', 'شانيا تيمور عزيز محمد', 'NULL', 'NULL', '63.0125', 'NULL', '71.65', '67.9', 'NULL', 'NULL'),
('ALSKKJ89', 'ئه‌وين عاصى فرود (C.O. Anatomy) عبور', 'NULL', 'NULL', 'nill', 'NULL', 'nill', 'nill', 'NULL', 'NULL'),
('aRaqri8A', 'راميار جلال لطيف قادر', 'NULL', 'NULL', '45.73', 'NULL', '64.6', '53.6', 'NULL', 'NULL'),
('asY2f9jD', 'الاء ابراهيم عثمان على', 'NULL', 'NULL', '53.9875', 'NULL', '69.35', '60.75', 'NULL', 'NULL'),
('bbqKoyZ7', 'ترێ به‌هزاد رؤوف مصطفى', 'NULL', 'NULL', '67.15', 'NULL', '86.9', '65.9', 'NULL', 'NULL'),
('bQiIhG1U', 'نوال مصطفى عبدالله احمد', 'NULL', 'NULL', '34.7325', 'NULL', '73.2', '59', 'NULL', 'NULL'),
('C8Z7u6hs', 'محمد جمال مجيد عبدلله', 'NULL', 'NULL', '58.52', 'NULL', '65.45', '67.3', 'NULL', 'NULL'),
('C9B16iJJ', 'احمد حسن قادر عبدالرحمن', 'NULL', 'NULL', '47.675', 'NULL', '65.15', '62.3', 'NULL', 'NULL'),
('cCTAhOZy', 'ماريا اسماعيل احمد محمد', 'NULL', 'NULL', '63.38', 'NULL', '61.65', '63.5', 'NULL', 'NULL'),
('ChcMpKMi', 'مروان جمال محمد عبدالله', 'NULL', 'NULL', '47.8575', 'NULL', '78.6', '65.7', 'NULL', 'NULL'),
('cz99WMae', 'سه‌ربه‌ست حسن فتاح (computer ) عبور', 'NULL', 'NULL', 'nill', 'NULL', '1.5', 'nill', 'NULL', 'NULL'),
('dB0erjYY', 'رِه‌وشت ئازاد محمود خدر', 'NULL', 'NULL', '56.45', 'NULL', '79.85', '65.5', 'NULL', 'NULL'),
('DB10a8L2', 'رِۆشنا بابكر عمر بابكر', 'NULL', 'NULL', '46.15', 'NULL', '65.3', '54.5', 'NULL', 'NULL'),
('DDD666YY', 'میران حکمت محمد', '50', '100', '99', '23', '82.55', 'nill', '50', '67'),
('E4X1bKtb', 'رِێبين على محمد محمد', 'NULL', 'NULL', '49.4325', 'NULL', '76.1', '49.75', 'NULL', 'NULL'),
('eiQXgUjj', 'محمد عبدالله محمد على', 'NULL', 'NULL', '59.93', 'NULL', '92.35', '66.1', 'NULL', 'NULL'),
('ekHA6kpB', 'محمد لقمان ابراهيم رشيد', 'NULL', 'NULL', '51.275', 'NULL', '62.15', '60.8', 'NULL', 'NULL'),
('eMCVpBV1', 'احمد فريق حمه حمه رحيم', 'NULL', 'NULL', '61.575', 'NULL', '77.35', '68.5', 'NULL', 'NULL'),
('es8EyMRP', 'ره‌يان سبحان رحمان محمد', 'NULL', 'NULL', '65.5175', 'NULL', '72.2', '68.2', 'NULL', 'NULL'),
('fdKjx8Tw', 'شاهيد بهاءلدين محمد كريم', 'NULL', 'NULL', '59.665', 'NULL', '89.2', '71.7', 'NULL', 'NULL'),
('FGH777GH', 'بشائر جلال حمه رشيد (Critical thinking) تحمیل', '', '', '', '', '', '', '', ''),
('g3bf1HZS', 'لارا أبراهيم على باوه', 'NULL', 'NULL', '56.85', 'NULL', '67.15', '66', 'NULL', 'NULL'),
('G4XduQhj', 'لاوه‌ند ابراهيم عارف عبدالله', 'NULL', 'NULL', '67.9825', 'NULL', '69.55', '52.8', 'NULL', 'NULL'),
('GbrnXvfG', 'نيگار لقمان غفور رشيد', 'NULL', 'NULL', '44.9525', 'NULL', '76.3', '55.9', 'NULL', 'NULL'),
('gcTWhDyB', 'ديه رِێبوار نورى محمد', 'NULL', 'NULL', '70.55', 'NULL', '79.35', '76.8', 'NULL', 'NULL'),
('GNXI4rLY', 'هانا لتيف عبدالقادر', 'NULL', 'NULL', '57.955', 'NULL', '83.45', '63.1', 'NULL', 'NULL'),
('GsKcWuKJ', 'په‌يام فائق احمد عبدالله', 'NULL', 'NULL', '66.125', 'NULL', '64.35', '66.2', 'NULL', 'NULL'),
('h5d0v4lP', 'هێڤین لوقمان محمود أحمد', 'NULL', 'NULL', '50.775', 'NULL', '73.1', '57.3', 'NULL', 'NULL'),
('hB8Ks4tk', 'چرۆ احمد', 'NULL', 'NULL', '63.15', 'NULL', '81.1', '67.1', 'NULL', 'NULL'),
('hEzrk6gN', 'محمد ئارام عبداللة صالح', 'NULL', 'NULL', '37.415', 'NULL', '64.35', '52.3', 'NULL', 'NULL'),
('HJKLO123', 'ساڕێژ عبدالله خزر (Chemistry ) عبور', 'NULL', 'NULL', 'nill', 'NULL', 'nill', 'nill', 'NULL', 'NULL'),
('HkU32r4k', 'رابەر فاروق کریم عبداللە', 'NULL', 'NULL', '31.915', 'NULL', '62.1', '50.4', 'NULL', 'NULL'),
('HRGLWgvF', 'شكار ابوبكر على احمد', 'NULL', 'NULL', '59.0125', 'NULL', '70.55', '57.25', 'NULL', 'NULL'),
('JgYSzIWM', 'ساكار صالح محمدعبدالرحمان', 'NULL', 'NULL', '68.18', 'NULL', '70.3', '65.7', 'NULL', 'NULL'),
('JJJJYYY12', 'ڕۆژگار مصطفى ابراهيم  (Critical thinking) عبور', '', '', '', '', '', '', '', ''),
('jqmFAzzN', 'پاكان بايزيد حسن عبدالله', 'NULL', 'NULL', '45.5625', 'NULL', '80.15', '67.1', 'NULL', 'NULL'),
('Jwn6gpmB', 'سۆما ناضم', 'NULL', 'NULL', '53.7', 'NULL', '72.7', '52.8', 'NULL', 'NULL'),
('kyhJXWM4', 'يوسف اسعد عبدالوهاب رِسولَ', 'NULL', 'NULL', '48.06', 'NULL', '65.7', '51.9', 'NULL', 'NULL'),
('L2USboLM', 'كاروخ جبار حمة أحمد', 'NULL', 'NULL', '72.55', 'NULL', '90.45', '71.75', 'NULL', 'NULL'),
('LuD5n6kz', 'دانا محمد عبدالکریم', 'NULL', 'NULL', '35.5375', 'NULL', '55', '50.9', 'NULL', 'NULL'),
('m2CkvXpm', 'داليا على عبداللة شريف', 'NULL', 'NULL', '68.4', 'NULL', '74', '71.6', 'NULL', 'NULL'),
('miTaUvCG', 'نينا برهان عبدالكريم محمد', 'NULL', 'NULL', '66.3675', 'NULL', '82.1', '72.2', 'NULL', 'NULL'),
('MNB632TT', 'کازیوه ئیدریس', 'NULL', 'NULL', 'nill', 'NULL', 'nill', 'nill', 'NULL', 'NULL'),
('MXuM9E91', 'مه‌زن رزگار محمد امين', 'NULL', 'NULL', '47.5675', 'NULL', '69.45', '55.95', 'NULL', 'NULL'),
('Nul8OUn8', 'ئاكار محمد محمد رحيم', 'NULL', 'NULL', '45.98', 'NULL', '71.95', '57.8', 'NULL', 'NULL'),
('o60giF7D', 'له‌نيا عمر حسن حمه', 'NULL', 'NULL', '67.405', 'NULL', '82.65', '62.4', 'NULL', 'NULL'),
('OCoPU2Fq', 'ئاشنا عبدالله صالح احمد', 'NULL', 'NULL', '59.0375', 'NULL', '71.5', '62.4', 'NULL', 'NULL'),
('OPA891AA', 'بڵند حيدر على (Critical thinking) عبور', '', '', '', '', '', '', '', ''),
('Or46ncVQ', 'بروا امين عبدالصمد عبدالله', 'NULL', 'NULL', '40.875', 'NULL', '79.2', '46.8', 'NULL', 'NULL'),
('OxFHWXsn', 'سۆلين انوه‌ر ابوبكر كريم', 'NULL', 'NULL', '62.415', 'NULL', '76.4', '62.1', 'NULL', 'NULL'),
('PifZSVsl', 'ارام صابر اورحمان', 'NULL', 'NULL', '37.9', 'NULL', '58.8', '52.55', 'NULL', 'NULL'),
('Plk22NMj', 'ئاوا ماكۆك حمد', 'NULL', 'NULL', '71.0375', 'NULL', '88.3', '73.2', 'NULL', 'NULL'),
('pNclFGH6', 'ڕێباز شێخه قادر رسوڵ', 'NULL', 'NULL', '57.2175', 'NULL', '81.55', '69.9', 'NULL', 'NULL'),
('QZ8tNFg1', 'به‌شدار بشير عزيز قادر', 'NULL', 'NULL', '70.65', 'NULL', '89.3', '80.1', 'NULL', 'NULL'),
('RizUdjlw', 'پۆشیار جبار', 'NULL', 'NULL', '41.81', 'NULL', '67.15', '64.7', 'NULL', 'NULL'),
('s16nvOqC', 'عبد الجليل', 'NULL', 'NULL', 'nill', 'NULL', '62.1', 'nill', 'NULL', 'NULL'),
('S2KyqbOf', 'رياض محمد عثمان حمه حسين', 'NULL', 'NULL', '43.945', 'NULL', '67.75', '60.4', 'NULL', 'NULL'),
('S7X60PPJ', 'خێلان عثمان محمد سعيد', 'NULL', 'NULL', '71.5875', 'NULL', '76.1', '69.8', 'NULL', 'NULL'),
('sAw6Bdj9', 'سۆزی عبدالله عبدالرحمان احمد', 'NULL', 'NULL', '62.305', 'NULL', '77.3', '68.6', 'NULL', 'NULL'),
('SZsznSA8', 'رۆژ سیروان علی حمە امین', 'NULL', 'NULL', '54.6775', 'NULL', '79.15', '54.6', 'NULL', 'NULL'),
('T3yl7jv3', 'اورڤا غازي صابر جوكل', 'NULL', 'NULL', '64.1925', 'NULL', '73.1', '43.9', 'NULL', 'NULL'),
('t57rbSF0', 'رِاز سوارا سعيد كريم خان', 'NULL', 'NULL', '67', 'NULL', '79.15', '73.3', 'NULL', 'NULL'),
('TFcZX2Fq', 'سارا اسماعيل قادرمحى الدين', 'NULL', 'NULL', '55.85', 'NULL', '56.5', '65.4', 'NULL', 'NULL'),
('tQ9sRNx9', 'تاژان عوسمان', 'NULL', 'NULL', '43.56', 'NULL', '56.7', '58.05', 'NULL', 'NULL'),
('TTGG66YY', 'زه‌هراء طه حمه‌ امين (Dental Anatomy) عبور', 'NULL', 'NULL', 'nill', 'NULL', 'nill', 'nill', 'NULL', 'NULL'),
('u1tar003', 'نينيا رِزگار تۆفيق مراد', 'NULL', 'NULL', '56.965', 'NULL', '85.15', '69.3', 'NULL', 'NULL'),
('vbg8xaAm', 'هێژا شێرزاد نامق عبدالكريم', 'NULL', 'NULL', '57.2525', 'NULL', '82.55', '60.7', 'NULL', 'NULL'),
('VBNM1231', 'په‌یام به‌رزان محمود (Critical thinking) عبور', '', '', '', '', '', '', '', ''),
('vUV6Fo0d', 'لانة موفق على رضا', 'NULL', 'NULL', '66.4675', 'NULL', '75.4', '69.7', 'NULL', 'NULL'),
('W6WPoyP5', 'په‌یام حسن عثمان عبدالكريم', 'NULL', 'NULL', '51.375', 'NULL', '64.2', '66.8', 'NULL', 'NULL'),
('weoJC6qx', 'شانۆرحيم عبدالله حمه صالح', 'NULL', 'NULL', '56.4', 'NULL', '74.2', '68.6', 'NULL', 'NULL'),
('WiaX62lj', 'رِۆزيار سالارعبدول', 'NULL', 'NULL', '46.0375', 'NULL', '79.45', '71.9', 'NULL', 'NULL'),
('woSwZVNa', 'په‌يوه‌ست صالح على كريم', 'NULL', 'NULL', '84.925', 'NULL', '90.1', '75.9', 'NULL', 'NULL'),
('wxgizkkZ', 'سۆما سه‌ربه‌ست عاصى على', 'NULL', 'NULL', '42.25', 'NULL', '51.4', '57.1', 'NULL', 'NULL'),
('X4hwZ75Z', 'ئاسوده احمد صالح كريم', 'NULL', 'NULL', '65.43', 'NULL', '78.5', '66.4', 'NULL', 'NULL'),
('XjBNseVS', 'نوريا على احمد حسن', 'NULL', 'NULL', '52.5275', 'NULL', '68.65', '63.3', 'NULL', 'NULL'),
('XSdDVz61', 'محمد صلاح حسين حمه رحيم', 'NULL', 'NULL', '66.1725', 'NULL', '89.1', '60.2', 'NULL', 'NULL'),
('XXCCVV78', 'ژوان احمد مصطفى (Dental Anatomy ) عبور', 'NULL', 'NULL', 'nill', 'NULL', 'nill', 'nill', 'NULL', 'NULL'),
('y3vfhVBF', 'كۆسره‌ت محمد حسن قادر', 'NULL', 'NULL', '18.38', 'NULL', '51.85', '61.3', 'NULL', 'NULL'),
('Yc8J5cJr', 'باوان محمد محى لدين محمد', 'NULL', 'NULL', '58.775', 'NULL', '89.7', '73', 'NULL', 'NULL'),
('yufBmyWH', 'شه‌نگه ئيدريس حمه امين حسين', 'NULL', 'NULL', '57.54', 'NULL', '66.6', '58.5', 'NULL', 'NULL'),
('ZWJhya6R', 'شه‌هێن ئومێد علي', 'NULL', 'NULL', '48.88', 'NULL', '63.9', '54.5', 'NULL', 'NULL'),
('ZXC6789U', 'شنيار صديق حمه شريف (Critical thinking) عبور', '', '', '', '', '', '', '', '');

-- --------------------------------------------------------

--
-- Table structure for table `forth`
--

CREATE TABLE `forth` (
  `id` varchar(10) NOT NULL,
  `name` varchar(80) DEFAULT NULL,
  `Conservative Dentistry` varchar(50) DEFAULT NULL,
  `Oral Surgery` varchar(50) DEFAULT NULL,
  `Periodontics` varchar(50) DEFAULT NULL,
  `Prosthodontics` varchar(50) DEFAULT NULL,
  `Oral Pathology` varchar(50) DEFAULT NULL,
  `Orthodontics` varchar(50) DEFAULT NULL,
  `Dental Imaging and Radiology` varchar(50) DEFAULT NULL,
  `Community Dentistry` varchar(50) DEFAULT NULL
) ENGINE=InnoDB DEFAULT CHARSET=utf8mb4;

--
-- Dumping data for table `forth`
--

INSERT INTO `forth` (`id`, `name`, `Conservative Dentistry`, `Oral Surgery`, `Periodontics`, `Prosthodontics`, `Oral Pathology`, `Orthodontics`, `Dental Imaging and Radiology`, `Community Dentistry`) VALUES
('0OjsokVo', 'بێرون ڕێبوار رسول', NULL, NULL, NULL, NULL, NULL, NULL, NULL, NULL),
('1vWMGSqL', 'ڕه‌نوو به‌ختيار رسول خضر', NULL, NULL, NULL, NULL, NULL, NULL, NULL, NULL),
('4CO1mv3j', 'که‌وسه‌رعلى حسين صالح', NULL, NULL, NULL, NULL, NULL, NULL, NULL, NULL),
('5etHBqb0', 'محمد طارق حمه قادر', NULL, NULL, NULL, NULL, NULL, NULL, NULL, NULL),
('6XF9Go41', 'محمد كمال حسين رۆستم', NULL, NULL, NULL, NULL, NULL, NULL, NULL, NULL),
('76WCD6gt', 'سۆز عمر حسين', NULL, NULL, NULL, NULL, NULL, NULL, NULL, NULL),
('7GDfanPr', 'نازه وشيار امين سعيد', NULL, NULL, NULL, NULL, NULL, NULL, NULL, NULL),
('7No1b9EO', 'سه‌روه‌ر سعيد اسماعيل', NULL, NULL, NULL, NULL, NULL, NULL, NULL, NULL),
('8qVBX98p', 'شانيا ياسين محمد شامراد', NULL, NULL, NULL, NULL, NULL, NULL, NULL, NULL),
('8rYWJ7FX', 'شه‌نگ ياسين حمه عزيز', NULL, NULL, NULL, NULL, NULL, NULL, NULL, NULL),
('9C2xzhN8', 'محمد بورهان حمه‌ كريم', NULL, NULL, NULL, NULL, NULL, NULL, NULL, NULL),
('9eP5gJpZ', 'لاوه‌ند احمد ابراهيم محمود', NULL, NULL, NULL, NULL, NULL, NULL, NULL, NULL),
('A5m2zJtw', 'ئاهه‌نگ جزا عبدالرحمن ابراهيم', NULL, NULL, NULL, NULL, NULL, NULL, NULL, NULL),
('AdMPOzmE', 'شيماء عزيز محمد عبدالكريم', NULL, NULL, NULL, NULL, NULL, NULL, NULL, NULL),
('adQV6hVA', 'ئارى عثمان محمد قادر', NULL, NULL, NULL, NULL, NULL, NULL, NULL, NULL),
('adrFdPM7', 'هاوناز محمد احمد سعيد', NULL, NULL, NULL, NULL, NULL, NULL, NULL, NULL),
('agg8c5n5', 'مه‌رزيه كه‌ريم احمد', NULL, NULL, NULL, NULL, NULL, NULL, NULL, NULL),
('AmxffnmX', 'لانه محمد طاهر عمر فتاح', NULL, NULL, NULL, NULL, NULL, NULL, NULL, NULL),
('AZeHkH40', 'زانيار محمد احمد خدر', NULL, NULL, NULL, NULL, NULL, NULL, NULL, NULL),
('b1EX80lZ', 'رؤيا حسين حمه على حسين', NULL, NULL, NULL, NULL, NULL, NULL, NULL, NULL),
('BR0uywpZ', 'نامۆ ساماڵ حسن تۆفيق', NULL, NULL, NULL, NULL, NULL, NULL, NULL, NULL),
('BXN0K2BI', 'گه‌ژبین عمر تۆفيق امين', NULL, NULL, NULL, NULL, NULL, NULL, NULL, NULL),
('BylqLUFw', 'ڕه‌وا رؤوف كريم امين', NULL, NULL, NULL, NULL, NULL, NULL, NULL, NULL),
('cKtXNQ4Y', 'صباح نصرالدين قادر حسين', NULL, NULL, NULL, NULL, NULL, NULL, NULL, NULL),
('Cu4clSIB', 'سهيب مختار حمه مصطفى', NULL, NULL, NULL, NULL, NULL, NULL, NULL, NULL),
('D17Jox58', 'محمد سرحد محمد محمد رشيد', NULL, NULL, NULL, NULL, NULL, NULL, NULL, NULL),
('DazrElmE', 'سيڤان خسرو عمر', NULL, NULL, NULL, NULL, NULL, NULL, NULL, NULL),
('DDD666YY', 'میران حکمت محمد', '80', '100', '1', '59', '99', '90', '50', '89'),
('dmAsRMG0', 'بهروز ئازاد حسين', NULL, NULL, NULL, NULL, NULL, NULL, NULL, NULL),
('DmdVnUg2', 'داستان على حمه قادر', NULL, NULL, NULL, NULL, NULL, NULL, NULL, NULL),
('EPIL5k19', 'سۆما ئازاد احمد لطيف', NULL, NULL, NULL, NULL, NULL, NULL, NULL, NULL),
('fatXCkBp', 'ئيمان رؤؤف مصطفى حسن', NULL, NULL, NULL, NULL, NULL, NULL, NULL, NULL),
('flGJqH5y', 'بشائر جلال حمه رشيد', NULL, NULL, NULL, NULL, NULL, NULL, NULL, NULL),
('fPvvA8nt', 'تارا عزيزمحمد رحيم', NULL, NULL, NULL, NULL, NULL, NULL, NULL, NULL),
('FV1uxkiJ', 'چرا ناصر قادر على', NULL, NULL, NULL, NULL, NULL, NULL, NULL, NULL),
('FW8nGzo8', 'شێنێ بارام محمد رشيد', NULL, NULL, NULL, NULL, NULL, NULL, NULL, NULL),
('GHJ125YU', 'ڕاستی فریق دارا (Oral Pathology) عبور', NULL, NULL, NULL, NULL, NULL, NULL, NULL, NULL),
('ghqYTTQP', 'خه‌یاڵ محمود محمد محمد امين', NULL, NULL, NULL, NULL, NULL, NULL, NULL, NULL),
('GJXRtNcb', 'محمد مجيد حميدرشيد', NULL, NULL, NULL, NULL, NULL, NULL, NULL, NULL),
('H2BxI5Ya', 'خێڵان احمد فائق عبدالله', NULL, NULL, NULL, NULL, NULL, NULL, NULL, NULL),
('JkvH4OnP', 'كه‌يوان فريق حمه على حمه رِشيد', NULL, NULL, NULL, NULL, NULL, NULL, NULL, NULL),
('k5wslRm8', 'لانه جلال عبدالله كرم', NULL, NULL, NULL, NULL, NULL, NULL, NULL, NULL),
('kakLQXvN', 'سۆزيار عمراحمد عبدالله', NULL, NULL, NULL, NULL, NULL, NULL, NULL, NULL),
('khD8Lg3S', 'مينا دانا فاروق مصطفى', NULL, NULL, NULL, NULL, NULL, NULL, NULL, NULL),
('KLJ567OU', ' داستان کامه‌ران رمضان (Oral Pathology) عبور', NULL, NULL, NULL, NULL, NULL, NULL, NULL, NULL),
('KMow6QKO', 'باكۆ محمد فرج حسن', NULL, NULL, NULL, NULL, NULL, NULL, NULL, NULL),
('l2V4M9NH', 'ئاسيا احمد اسماعيل خضر', NULL, NULL, NULL, NULL, NULL, NULL, NULL, NULL),
('l2vSJgCT', 'بێگه‌رد ابوبكر رسول ابراهيم', NULL, NULL, NULL, NULL, NULL, NULL, NULL, NULL),
('la9R8Vea', 'کاڵێ فتاح محمد امين حسن', NULL, NULL, NULL, NULL, NULL, NULL, NULL, NULL),
('lB1bcO1Z', 'مينا شاسوار رؤوف فرج', NULL, NULL, NULL, NULL, NULL, NULL, NULL, NULL),
('lFVqv0IP', 'گۆنا اكرم روستم حسن', NULL, NULL, NULL, NULL, NULL, NULL, NULL, NULL),
('lfZ6c7KO', 'سناء على محمد فرج', NULL, NULL, NULL, NULL, NULL, NULL, NULL, NULL),
('LQMZzjnU', 'حسين رحيم وه‌تمان ابوبكر', NULL, NULL, NULL, NULL, NULL, NULL, NULL, NULL),
('lqPu3tKP', 'كمال كريم محمد مستةفا', NULL, NULL, NULL, NULL, NULL, NULL, NULL, NULL),
('mcYik6pj', 'هاوار قادر احمد على', NULL, NULL, NULL, NULL, NULL, NULL, NULL, NULL),
('NmA3ZmDt', 'كريستا خليل مجيد احمد', NULL, NULL, NULL, NULL, NULL, NULL, NULL, NULL),
('OpSO5KPU', 'به‌ياد نجات عثمان رِشيد', NULL, NULL, NULL, NULL, NULL, NULL, NULL, NULL),
('oqoA91Au', 'ئاكۆ محمد حمه رشيد حسين', NULL, NULL, NULL, NULL, NULL, NULL, NULL, NULL),
('PFqrWB9C', 'هاوناز عبدالله محمد امين', NULL, NULL, NULL, NULL, NULL, NULL, NULL, NULL),
('Q3xq1G0X', 'ايوب حسين شريف محمد', NULL, NULL, NULL, NULL, NULL, NULL, NULL, NULL),
('QbQO9v3F', 'ئاريا ئالان محمد صالح', NULL, NULL, NULL, NULL, NULL, NULL, NULL, NULL),
('QR2oLgum', 'ملينا محمود ره‌شه رحيم', NULL, NULL, NULL, NULL, NULL, NULL, NULL, NULL),
('r2hurUgT', 'سايه اسماعيل عثمان مام كاك', NULL, NULL, NULL, NULL, NULL, NULL, NULL, NULL),
('rF2vhwDZ', 'بشرى ابوبكرمحمد سعيد', NULL, NULL, NULL, NULL, NULL, NULL, NULL, NULL),
('RWYH4ELI', 'پێشڕه‌و غازى محمد على', NULL, NULL, NULL, NULL, NULL, NULL, NULL, NULL),
('sEkWXxz8', 'دانيا عبدالرحمن محمد صالح ', NULL, NULL, NULL, NULL, NULL, NULL, NULL, NULL),
('sGZmVJC0', 'سارا ابوبكر رحيم محمود', NULL, NULL, NULL, NULL, NULL, NULL, NULL, NULL),
('sop6qdEo', 'سانا موفق صلالح الدين عمر', NULL, NULL, NULL, NULL, NULL, NULL, NULL, NULL),
('SoVSNccT', 'جوانه جبار كاكه‌خان كريم', NULL, NULL, NULL, NULL, NULL, NULL, NULL, NULL),
('SW64qJdy', 'هۆزان اسۆ عثمان امين', NULL, NULL, NULL, NULL, NULL, NULL, NULL, NULL),
('SxUUFj6X', 'ئارى ئوميد محمد حمه صالح', NULL, NULL, NULL, NULL, NULL, NULL, NULL, NULL),
('TGF432SD', 'حسین ئازاد عبدالله (Oral Pathology) عبور', NULL, NULL, NULL, NULL, NULL, NULL, NULL, NULL),
('TKRBoOmc', 'بێریڤان عطا محمد', NULL, NULL, NULL, NULL, NULL, NULL, NULL, NULL),
('TTC123TC', 'میران عبدالله حسن (Oral Pathology) عبور', NULL, NULL, NULL, NULL, NULL, NULL, NULL, NULL),
('u4L6GRvh', 'فرمێسك طارق محمود عبدالكريم', NULL, NULL, NULL, NULL, NULL, NULL, NULL, NULL),
('UIO123OI', 'شادیه ضاهر محمد (Oral Pathology) عبور', NULL, NULL, NULL, NULL, NULL, NULL, NULL, NULL),
('UQ5TMVu2', 'پاڤێڵ لطيف صديق محمد', NULL, NULL, NULL, NULL, NULL, NULL, NULL, NULL),
('UUT543TU', 'مهران خلیل احمد (Prosthetics) عبور', NULL, NULL, NULL, NULL, NULL, NULL, NULL, NULL),
('Wby9zSyB', 'يه‌نار حسين خوامراد شريف', NULL, NULL, NULL, NULL, NULL, NULL, NULL, NULL),
('WePTPsx8', 'سازگار على احمد عارف', NULL, NULL, NULL, NULL, NULL, NULL, NULL, NULL),
('WfNr2dyR', 'سه‌روه‌ر محمد حاجى عزيز', NULL, NULL, NULL, NULL, NULL, NULL, NULL, NULL),
('WLt6HwOp', 'سيما محمد محمد شريف', NULL, NULL, NULL, NULL, NULL, NULL, NULL, NULL),
('wO88HhAK', 'به‌سۆز يونس عزيز احمد', NULL, NULL, NULL, NULL, NULL, NULL, NULL, NULL),
('wuEWUlAR', 'لانه نجم الدين رضا رشيد', NULL, NULL, NULL, NULL, NULL, NULL, NULL, NULL),
('X4H6K8vm', 'بێژان عياس قادر احمد', NULL, NULL, NULL, NULL, NULL, NULL, NULL, NULL),
('XCV123CT', 'هیوا فاتح کریم سعید (Oral Pathology) عبور', NULL, NULL, NULL, NULL, NULL, NULL, NULL, NULL),
('xe7hJLbH', 'رزگار زرار جمال نجم', NULL, NULL, NULL, NULL, NULL, NULL, NULL, NULL),
('xFjETutB', 'به‌رهه‌م رفيق عبدالرحمن نورى', NULL, NULL, NULL, NULL, NULL, NULL, NULL, NULL),
('xgyFnzGS', 'شێنێ جمال رؤوف احمد', NULL, NULL, NULL, NULL, NULL, NULL, NULL, NULL),
('xmH6JVDr', 'دانا محمد خوارحم عبدالله', NULL, NULL, NULL, NULL, NULL, NULL, NULL, NULL),
('XYU345TU', 'محمد صدیق عبدالقادر (Oral Pathology) عبور', NULL, NULL, NULL, NULL, NULL, NULL, NULL, NULL),
('YGLUapLP', 'ڕاز ئاسۆ رضا', NULL, NULL, NULL, NULL, NULL, NULL, NULL, NULL),
('YKL798IK', 'باوه‌ڕ محمد حسن (Oral Pathology) عبور', NULL, NULL, NULL, NULL, NULL, NULL, NULL, NULL),
('YYEWlcMr', 'بانه عبدالسلام احمد سعيد', NULL, NULL, NULL, NULL, NULL, NULL, NULL, NULL),
('YYVjLIxE', 'ڕێڤان هوشيار سالار محمد', NULL, NULL, NULL, NULL, NULL, NULL, NULL, NULL),
('zTEDVBDP', 'ڕێگا قادر عبدالله عزيز', NULL, NULL, NULL, NULL, NULL, NULL, NULL, NULL);

-- --------------------------------------------------------

--
-- Table structure for table `second`
--

CREATE TABLE `second` (
  `id` varchar(10) NOT NULL,
  `name` varchar(50) DEFAULT NULL,
  `Biochemistry` varchar(50) DEFAULT NULL,
  `Human Anatomy` varchar(50) DEFAULT NULL,
  `General Histology` varchar(50) DEFAULT NULL,
  `Physiology` varchar(50) DEFAULT NULL,
  `Prosthodontics` varchar(50) DEFAULT NULL,
  `Dental Material` varchar(50) DEFAULT NULL,
  `Oral Histology` varchar(50) DEFAULT NULL
) ENGINE=InnoDB DEFAULT CHARSET=utf8mb4;

--
-- Dumping data for table `second`
--

INSERT INTO `second` (`id`, `name`, `Biochemistry`, `Human Anatomy`, `General Histology`, `Physiology`, `Prosthodontics`, `Dental Material`, `Oral Histology`) VALUES
('0DlOUsHP', 'شنيا هيوا جلال', NULL, NULL, NULL, NULL, NULL, NULL, NULL),
('3M4JIVDB', 'ئارى اسماعيل حمه امين', NULL, NULL, NULL, NULL, NULL, NULL, NULL),
('3YXktF8T', 'سامان محمد عبدالرحمن رفيق', NULL, NULL, NULL, NULL, NULL, NULL, NULL),
('44exijqW', 'سالم حسين نضير', NULL, NULL, NULL, NULL, NULL, NULL, NULL),
('45m2dyjo', 'محمد صلاح رؤؤف', NULL, NULL, NULL, NULL, NULL, NULL, NULL),
('4CGtboZG', 'ڕێبین عثمان محمد', NULL, NULL, NULL, NULL, NULL, NULL, NULL),
('5AtAq8cZ', 'ئارام يوسف عزيز احمد', NULL, NULL, NULL, NULL, NULL, NULL, NULL),
('5d5zGy5N', 'شيراز طالب عمر ملاكريم', NULL, NULL, NULL, NULL, NULL, NULL, NULL),
('5JMECCzm', 'شکۆ طارق على احمد ', NULL, NULL, NULL, NULL, NULL, NULL, NULL),
('60SWeUJr', 'مير محمد سعيد', NULL, NULL, NULL, NULL, NULL, NULL, NULL),
('6Vg7N5A0', 'ئاران نوشيروان صالح سعيد', NULL, NULL, NULL, NULL, NULL, NULL, NULL),
('77Yw2sCQ', 'شانيا عبدالله محمد ميرزا ', NULL, NULL, NULL, NULL, NULL, NULL, NULL),
('7A7PPzda', 'احمد نزار كه‌مال جلال', NULL, NULL, NULL, NULL, NULL, NULL, ''),
('7IrGm1sS', 'گه‌ش منير سليم', NULL, NULL, NULL, NULL, NULL, NULL, NULL),
('7oLzmVE7', 'سارا يوسف نجم الدين محى الدين', NULL, NULL, NULL, NULL, NULL, NULL, NULL),
('7rNXcEux', 'ئه‌له‌ند ئومێد حسن على', NULL, NULL, NULL, NULL, NULL, NULL, NULL),
('7ZUG30cr', 'ڕه‌وا قادر فتاح بابا', NULL, NULL, NULL, NULL, NULL, NULL, NULL),
('93guxImf', 'نياز جزا حمة كرم', NULL, NULL, NULL, NULL, NULL, NULL, NULL),
('96E4lhUc', 'گوڵاڵه عثمان حمه مصطفى', NULL, NULL, NULL, NULL, NULL, NULL, NULL),
('9fy59mxj', 'ماردين بابان احمد', NULL, NULL, NULL, NULL, NULL, NULL, NULL),
('9Jv4cLYj', 'ماريا أنوه‌ر حمه صالح', NULL, NULL, NULL, NULL, NULL, NULL, NULL),
('9Jy3EI3A', 'باکۆ شێرکۆ صالح حمه امين', NULL, NULL, NULL, NULL, NULL, NULL, NULL),
('9RIDsSm0', 'ده‌روون فاروق حمه تۆفیق عارف', NULL, NULL, NULL, NULL, NULL, NULL, NULL),
('a5cIeAMb', 'شاناز لقمان حمه طالب رمضان', NULL, NULL, NULL, NULL, NULL, NULL, NULL),
('AIFyXCDM', 'مسلم فاتح جميل', NULL, NULL, NULL, NULL, NULL, NULL, NULL),
('AjPHL5lk', 'ئه‌له‌ند ابراهيم سعيد فتح الله', NULL, NULL, NULL, NULL, NULL, NULL, NULL),
('AKZySKiI', 'ڕۆڤان قادر حسن عبدالله', NULL, NULL, NULL, NULL, NULL, NULL, NULL),
('AQBaljeS', 'ڕوزا نورى امين اسماعيل', NULL, NULL, NULL, NULL, NULL, NULL, NULL),
('aYrJaau6', 'ريام محمد جعفر خضر', NULL, NULL, NULL, NULL, NULL, NULL, NULL),
('b2ZE3krp', 'ديدار سهاد داود حمه رحيم', NULL, NULL, NULL, NULL, NULL, NULL, NULL),
('B6ayMzNh', 'چيا قادر صابر', NULL, NULL, NULL, NULL, NULL, NULL, NULL),
('bgzziZQn', 'كامران محمد نورى حسن', NULL, NULL, NULL, NULL, NULL, NULL, NULL),
('BMjmilAW', 'په‌يڤين يوسف احمد عبدالصمد', NULL, NULL, NULL, NULL, NULL, NULL, NULL),
('BNM123NM', 'ساسان ابوبکر علی (Anatomy) عبور', NULL, NULL, NULL, NULL, NULL, NULL, NULL),
('BWSqPzuM', 'سۆزان عبدالرحمن محمد', NULL, NULL, NULL, NULL, NULL, NULL, NULL),
('CCm0plJv', 'زه‌نوێر نجم الدين قادر مجيد', NULL, NULL, NULL, NULL, NULL, NULL, NULL),
('cKunXD3H', 'کیژێ سه‌ردار كريم براخاس', NULL, NULL, NULL, NULL, NULL, NULL, NULL),
('cNqA6Hja', 'ڕه‌هێڵ فاضل طاهر توفيق', NULL, NULL, NULL, NULL, NULL, NULL, NULL),
('crYFKnfp', 'رێكار بكر محمد امين حويز', NULL, NULL, NULL, NULL, NULL, NULL, NULL),
('Cxvd5r0x', 'سۆزيار ابراهيم اورحيم اورحمان', NULL, NULL, NULL, NULL, NULL, NULL, NULL),
('D02Iwe52', 'عمر عبدالله يوسف طيب', NULL, NULL, NULL, NULL, NULL, NULL, NULL),
('D27onwBj', 'سه‌يران محمد حسن صالح', NULL, NULL, NULL, NULL, NULL, NULL, NULL),
('d2APmzpv', 'الاء عبدالقادر على محمد', NULL, NULL, NULL, NULL, NULL, NULL, NULL),
('d9PdBwrQ', 'به‌ندير صلاح الدين سعيد', NULL, NULL, NULL, NULL, NULL, NULL, NULL),
('DDD666YY', 'میران حکمت محمد', '100', '90', '67', '50', '59', '78', '99'),
('dGZeK1Cf', 'زانا حبيب حسن على', NULL, NULL, NULL, NULL, NULL, NULL, NULL),
('DHnIG4Rk', 'به‌هره كريم ره‌شيد حميد', NULL, NULL, NULL, NULL, NULL, NULL, NULL),
('dkOlylKu', 'تروسكه حسن محمود احمد', NULL, NULL, NULL, NULL, NULL, NULL, NULL),
('dLJZEWGP', 'ڕاسان كاوه محمد جمال', NULL, NULL, NULL, NULL, NULL, NULL, NULL),
('DNp11jbV', 'ديده‌ن هادى محمود حسين', NULL, NULL, NULL, NULL, NULL, NULL, NULL),
('dVBsfGSh', 'بڕوا عبدالرحيم عبدالله رِحيم', NULL, NULL, NULL, NULL, NULL, NULL, NULL),
('E4faJE1h', 'سميه عادل صالح كاكه‌ برا', NULL, NULL, NULL, NULL, NULL, NULL, NULL),
('E6lvI7gW', 'کۆژین سه‌ردار محمد', NULL, NULL, NULL, NULL, NULL, NULL, NULL),
('eO64Rde0', 'هميله عبدالله احمد', NULL, NULL, NULL, NULL, NULL, NULL, NULL),
('EOtrSLTN', 'ئه‌وين عاصى فرود عزيز', NULL, NULL, NULL, NULL, NULL, NULL, NULL),
('EWSan4sj', 'مروه ابراهيم على محمد', NULL, NULL, NULL, NULL, NULL, NULL, NULL),
('FqLadPXA', 'سه‌ربه‌ست حسن فتاح', NULL, NULL, NULL, NULL, NULL, NULL, NULL),
('FUj8NCB4', 'شنيا احمد رضا مجيد', NULL, NULL, NULL, NULL, NULL, NULL, NULL),
('fxxIFqaL', 'پروشه صباح اسعد احمد', NULL, NULL, NULL, NULL, NULL, NULL, NULL),
('GBLwJjYI', 'ساڤۆ صلاح الدين هادى احمد', NULL, NULL, NULL, NULL, NULL, NULL, NULL),
('GkXlxY3O', 'هناء حمه امين محمد صالح', NULL, NULL, NULL, NULL, NULL, NULL, NULL),
('GmBI1Kxy', 'اسيا ديارى نجيب مصطفى ', NULL, NULL, NULL, NULL, NULL, NULL, NULL),
('GzDJbNN4', 'شيدا عمر على كرم خان', NULL, NULL, NULL, NULL, NULL, NULL, NULL),
('H7F77pfA', 'ده‌روون عمر مصطفى يونس', NULL, NULL, NULL, NULL, NULL, NULL, NULL),
('HHYYUU88', 'فرمێسك طارق محمود (Prosthetic) عبور', NULL, NULL, NULL, NULL, NULL, NULL, NULL),
('HOGUmS5d', 'محمد غفور حسن على', NULL, NULL, NULL, NULL, NULL, NULL, NULL),
('HzPdByL2', 'هه‌وار محمد رسول', NULL, NULL, NULL, NULL, NULL, NULL, NULL),
('I9yPuS6Z', 'عقيل ابراهيم على باوه', NULL, NULL, NULL, NULL, NULL, NULL, NULL),
('JGcHbnQo', 'ديانا خليل عبدالكريم حق مراد', NULL, NULL, NULL, NULL, NULL, NULL, NULL),
('JGQPAe02', 'مير عبدالكريم عبدالمجيد', NULL, NULL, NULL, NULL, NULL, NULL, NULL),
('JTXWTYm4', 'سيما اومێد حكيم مصطفى', NULL, NULL, NULL, NULL, NULL, NULL, NULL),
('jvfQM3WR', 'كازيوه حميد جميل عبدالرحمن', NULL, NULL, NULL, NULL, NULL, NULL, NULL),
('kcAfmv8j', 'ژوان اركان حسن غفور', NULL, NULL, NULL, NULL, NULL, NULL, NULL),
('KkdV3XYA', 'باڤێڵ على اسماعيل على', NULL, NULL, NULL, NULL, NULL, NULL, NULL),
('KKLLTT90', 'بێریڤان عطا محمد (Physiology) عبور', NULL, NULL, NULL, NULL, NULL, NULL, NULL),
('L0mzLPlw', 'ئايدا عباس محمد جعفر', NULL, NULL, NULL, NULL, NULL, NULL, NULL),
('L699NTtd', 'ژالیا مردان صالح قادر', NULL, NULL, NULL, NULL, NULL, NULL, NULL),
('LNIOHDLR', 'گوڵان ڕاژان فواد', NULL, NULL, NULL, NULL, NULL, NULL, NULL),
('LOHeo8ya', 'گه‌شبين احمد اسماعيل كريم', NULL, NULL, NULL, NULL, NULL, NULL, NULL),
('lQt1hEtd', 'سناء احمد عبدالله', NULL, NULL, NULL, NULL, NULL, NULL, NULL),
('mfLTfHRE', 'ڤانيا شوان كمال رشيد', NULL, NULL, NULL, NULL, NULL, NULL, NULL),
('MKM789LL', 'لاڤین محمد حمه عزیز (Dental Material) عبور', NULL, NULL, NULL, NULL, NULL, NULL, NULL),
('MmGYy4Q1', 'سارا عزت محمد حسين', NULL, NULL, NULL, NULL, NULL, NULL, NULL),
('mmkQUnGi', 'بووژان رفيق هياس قادر', NULL, NULL, NULL, NULL, NULL, NULL, NULL),
('MNRQXzDy', 'محمد عبدالسلام سالار', NULL, NULL, NULL, NULL, NULL, NULL, NULL),
('mreA0PoZ', 'له‌نيا خه‌بات صالح', NULL, NULL, NULL, NULL, NULL, NULL, NULL),
('mvDEz1zH', 'سازگار محسن انوه‌ر معروف', NULL, NULL, NULL, NULL, NULL, NULL, NULL),
('MXxVZMkX', 'تروسكه عبدالله رۆسته‌م', NULL, NULL, NULL, NULL, NULL, NULL, NULL),
('n2hXm7LO', 'لاڤه نيازى به‌كر', NULL, NULL, NULL, NULL, NULL, NULL, NULL),
('nc9LXVzn', 'ڕێز ئارى عثمان', NULL, NULL, NULL, NULL, NULL, NULL, NULL),
('nkQUOGME', 'زانكۆ عبدالرحمن على قادر', NULL, NULL, NULL, NULL, NULL, NULL, NULL),
('NQgm0hPl', 'مير عامر محمد على', NULL, NULL, NULL, NULL, NULL, NULL, NULL),
('o3cjXKaU', 'سارا دانا لطيف محى الدين', NULL, NULL, NULL, NULL, NULL, NULL, NULL),
('o9J83bwu', 'قيصر صلاح الدين مصطفى محمد', NULL, NULL, NULL, NULL, NULL, NULL, NULL),
('od7Qrb5G', 'به‌مۆ جليل عبدالله', NULL, NULL, NULL, NULL, NULL, NULL, NULL),
('oFGIO5gT', 'كارينا محمد عبدالله', NULL, NULL, NULL, NULL, NULL, NULL, NULL),
('Ognzgqdt', 'ئاسوده جمال عمر علي', NULL, NULL, NULL, NULL, NULL, NULL, NULL),
('oGZ2B9Ke', 'ژیار اسماعيل احمد حسن', NULL, NULL, NULL, NULL, NULL, NULL, NULL),
('oN0AYhWb', 'شنيار صديق حمه شريف', NULL, NULL, NULL, NULL, NULL, NULL, NULL),
('OPT432TY', 'شێنێ حمید صابر (Dental Material) عبور', NULL, NULL, NULL, NULL, NULL, NULL, NULL),
('pAUqKQdi', 'سميه رؤؤف نامق صديق', NULL, NULL, NULL, NULL, NULL, NULL, NULL),
('PcO51rsx', 'پاڤی سه‌ربه‌ست كريم محمد', NULL, NULL, NULL, NULL, NULL, NULL, NULL),
('PJyCIt3X', 'لاوك حسن نورى', NULL, NULL, NULL, NULL, NULL, NULL, NULL),
('PN27krct', 'ژیار كريم احمد ', NULL, NULL, NULL, NULL, NULL, NULL, NULL),
('POfp1DYm', 'مريم فارس فاضل', NULL, NULL, NULL, NULL, NULL, NULL, NULL),
('Q0ox7wTP', 'سيڤانه فاروق وهاب صالح', NULL, NULL, NULL, NULL, NULL, NULL, NULL),
('QAzCiJy2', 'ڕه‌وا كاوه رِشيد احمد', NULL, NULL, NULL, NULL, NULL, NULL, NULL),
('QD5r0QZC', 'سايه نورى محمد عمر', NULL, NULL, NULL, NULL, NULL, NULL, NULL),
('QHaKLh1X', 'شوخان محمد رسول بايز', NULL, NULL, NULL, NULL, NULL, NULL, NULL),
('rAaJUFFt', 'ياسين سعد سليَمان داود', NULL, NULL, NULL, NULL, NULL, NULL, NULL),
('rbfFPbGZ', 'ژوان احمد موستةفا حسن ', NULL, NULL, NULL, NULL, NULL, NULL, NULL),
('rjmRd7nM', 'ديلان محمد نجيب', NULL, NULL, NULL, NULL, NULL, NULL, NULL),
('RJQUO55k', 'ساڕێژ عبدالله خزر', NULL, NULL, NULL, NULL, NULL, NULL, NULL),
('roQiLsNz', 'هيوا خورشيد محمد قادر ', NULL, NULL, NULL, NULL, NULL, NULL, NULL),
('rsEehHFb', 'تۆلاس امير حمه عزيز حسين', NULL, NULL, NULL, NULL, NULL, NULL, NULL),
('RTRU1233', 'کاشما جمال علی (Dental Material) عبور', NULL, NULL, NULL, NULL, NULL, NULL, NULL),
('RzHQaItf', 'لۆزان عمر عثمان فرج', NULL, NULL, NULL, NULL, NULL, NULL, NULL),
('Sd7BKw1l', 'سێوه هادى فرج قادر', NULL, NULL, NULL, NULL, NULL, NULL, NULL),
('SFNXYFtr', 'نما تيمور رؤوف حمه امين', NULL, NULL, NULL, NULL, NULL, NULL, NULL),
('SM1htrr3', 'هه‌ڤاڵ على محمد جرجيس', NULL, NULL, NULL, NULL, NULL, NULL, NULL),
('SUPrap8e', 'زه‌هراء طه حمه‌ امين', NULL, NULL, NULL, NULL, NULL, NULL, NULL),
('tbIEhErT', 'راز صالح محمود محمد', NULL, NULL, NULL, NULL, NULL, NULL, NULL),
('uAINZFSl', 'هۆنا ئاراز محمد رِشيد', NULL, NULL, NULL, NULL, NULL, NULL, NULL),
('UijB9opv', 'لارا سامان محمد رؤؤف', NULL, NULL, NULL, NULL, NULL, NULL, NULL),
('UL1SscuR', 'به‌خشين بابان احمد', NULL, NULL, NULL, NULL, NULL, NULL, NULL),
('uv9gjfF9', 'مروان فرهاد جميل احمد', NULL, NULL, NULL, NULL, NULL, NULL, NULL),
('vmo2qbiD', 'عبدالله جمال نامق عبدالكريم', NULL, NULL, NULL, NULL, NULL, NULL, NULL),
('WeYxz7hZ', 'په‌یام به‌رزان محمود', NULL, NULL, NULL, NULL, NULL, NULL, NULL),
('wpahkA9A', 'محمد كريم حميد', NULL, NULL, NULL, NULL, NULL, NULL, NULL),
('x9RwtesX', 'ساوا وريا امين', NULL, NULL, NULL, NULL, NULL, NULL, NULL),
('xP4YsdLH', 'على جمال حسن', NULL, NULL, NULL, NULL, NULL, NULL, NULL),
('xSfYpIQS', 'ئاريان محى الدين سعيد', NULL, NULL, NULL, NULL, NULL, NULL, NULL),
('XUPi0QqK', 'هێڤیی فريدون عبدالله صالح', NULL, NULL, NULL, NULL, NULL, NULL, NULL),
('XWgaaRmC', 'نه‌وبير سالار محمدامين رؤستم ', NULL, NULL, NULL, NULL, NULL, NULL, NULL),
('Y6HBqz7i', 'ايمان اسماعيل محمد سعيد', NULL, NULL, NULL, NULL, NULL, NULL, NULL),
('Y8v00nm4', 'ماردين به‌ختيار محمد قادر', NULL, NULL, NULL, NULL, NULL, NULL, NULL),
('ycERUvKl', 'لانيا محمد عبدالله محمد', NULL, NULL, NULL, NULL, NULL, NULL, NULL),
('YgOkKmT6', 'بڵند حيدر على', NULL, NULL, NULL, NULL, NULL, NULL, NULL),
('YhsDQkHH', 'به‌ختيار مجيد رشيد', NULL, NULL, NULL, NULL, NULL, NULL, NULL),
('yoAen4LG', 'مه‌رزيه ڕزگار عبدالجبار قادر', NULL, NULL, NULL, NULL, NULL, NULL, NULL),
('yqfeTBPz', 'پاراو عبدالله محمدنورى', NULL, NULL, NULL, NULL, NULL, NULL, NULL),
('Yy9qFIzY', 'روقيه حسن حمه‌ صالح', NULL, NULL, NULL, NULL, NULL, NULL, NULL),
('YYjtRkZU', 'سۆما حمه‌ سعيد ده‌رويش', NULL, NULL, NULL, NULL, NULL, NULL, NULL),
('ze6lHVfV', 'سانا ابوبكر حمه امين قاضى', NULL, NULL, NULL, NULL, NULL, NULL, NULL),
('ZJAjS3nY', 'سروشت ابوبكر رحيم محمود', NULL, NULL, NULL, NULL, NULL, NULL, NULL),
('ZSCm48YA', 'محمد جلال عمر شريف', NULL, NULL, NULL, NULL, NULL, NULL, NULL),
('ZXC66RR', 'گۆران عدنان عوسمان (Dental Material) عبور', NULL, NULL, NULL, NULL, NULL, NULL, NULL),
('ZZCC77NN', 'محمد رحیم کریم (Dental Material) عبور', NULL, NULL, NULL, NULL, NULL, NULL, NULL);

-- --------------------------------------------------------

--
-- Table structure for table `secondstage`
--

CREATE TABLE `secondstage` (
  `id` varchar(10) NOT NULL,
  `name` varchar(80) DEFAULT NULL,
  `Biochemistry` varchar(50) DEFAULT NULL,
  `Human Anatomy` varchar(50) DEFAULT NULL,
  `General Histology` varchar(50) DEFAULT NULL,
  `Physiology` varchar(50) DEFAULT NULL,
  `Prosthodontics` varchar(50) DEFAULT NULL,
  `Dental Material` varchar(50) DEFAULT NULL,
  `Oral Histology` varchar(50) DEFAULT NULL
) ENGINE=InnoDB DEFAULT CHARSET=utf8mb4;

--
-- Dumping data for table `secondstage`
--

INSERT INTO `secondstage` (`id`, `name`, `Biochemistry`, `Human Anatomy`, `General Histology`, `Physiology`, `Prosthodontics`, `Dental Material`, `Oral Histology`) VALUES
('0DlOUsHP', 'شنيا هيوا جلال', '88.7', '84.9', 'NULL', 'NULL', 'NULL', 'NULL', 'NULL'),
('3M4JIVDB', 'ئارى اسماعيل حمه امين', '72.4', '74.8', 'NULL', 'NULL', 'NULL', 'NULL', 'NULL'),
('3YXktF8T', 'سامان محمد عبدالرحمن رفيق', '55.9', '59.8', 'NULL', 'NULL', 'NULL', 'NULL', 'NULL'),
('44exijqW', 'سالم حسين نضير', '74.4', '68.9', 'NULL', 'NULL', 'NULL', 'NULL', 'NULL'),
('45m2dyjo', 'محمد صلاح رؤؤف', '53.7', '53.6', 'NULL', 'NULL', 'NULL', 'NULL', 'NULL'),
('4CGtboZG', 'ڕێبین عثمان محمد', '61.4', 'NULL', 'NULL', 'NULL', 'NULL', 'NULL', 'NULL'),
('5AtAq8cZ', 'ئارام يوسف عزيز احمد', '55', '50.7', 'NULL', 'NULL', 'NULL', 'NULL', 'NULL'),
('5d5zGy5N', 'شيراز طالب عمر ملاكريم', '59.5', '63', 'NULL', 'NULL', 'NULL', 'NULL', 'NULL'),
('5JMECCzm', 'شکۆ طارق على احمد', '73', '53.4', 'NULL', 'NULL', 'NULL', 'NULL', 'NULL'),
('60SWeUJr', 'مير محمد سعيد', '64.6', '79.3', 'NULL', 'NULL', 'NULL', 'NULL', 'NULL'),
('6Vg7N5A0', 'ئاران نوشيروان صالح سعيد', '62.5', '47.2', 'NULL', 'NULL', 'NULL', 'NULL', 'NULL'),
('77Yw2sCQ', 'شانيا عبدالله محمد ميرزا', '68.1', '59.6', 'NULL', 'NULL', 'NULL', 'NULL', 'NULL'),
('7A7PPzda', 'احمد نزار كه‌مال جلال', '59.1', '57.5', 'NULL', 'NULL', 'NULL', 'NULL', 'NULL'),
('7IrGm1sS', 'گه‌ش منير سليم', '71', '62.9', 'NULL', 'NULL', 'NULL', 'NULL', 'NULL'),
('7oLzmVE7', 'سارا يوسف نجم الدين محى الدين', '75.8', '61.3', 'NULL', 'NULL', 'NULL', 'NULL', 'NULL'),
('7rNXcEux', 'ئه‌له‌ند ئومێد حسن على', '58', '39.4', 'NULL', 'NULL', 'NULL', 'NULL', 'NULL'),
('7ZUG30cr', 'ڕه‌وا قادر فتاح بابا', '24.3', '34', 'NULL', 'NULL', 'NULL', 'NULL', 'NULL'),
('93guxImf', 'نياز جزا حمة كرم', '79.7', '61.8', 'NULL', 'NULL', 'NULL', 'NULL', 'NULL'),
('96E4lhUc', 'گوڵاڵه عثمان حمه مصطفى', '83.5', '87.6', 'NULL', 'NULL', 'NULL', 'NULL', 'NULL'),
('9fy59mxj', 'ماردين بابان احمد', '71.9', '75.4', 'NULL', 'NULL', 'NULL', 'NULL', 'NULL'),
('9Jv4cLYj', 'ماريا أنوه‌ر حمه صالح', '57.1', '57.5', 'NULL', 'NULL', 'NULL', 'NULL', 'NULL'),
('9Jy3EI3A', 'باکۆ شێرکۆ صالح حمه امين', '82.2', '81.7', 'NULL', 'NULL', 'NULL', 'NULL', 'NULL'),
('9RIDsSm0', 'ده‌روون فاروق حمه تۆفیق عارف', '44.3', '47.2', 'NULL', 'NULL', 'NULL', 'NULL', 'NULL'),
('a5cIeAMb', 'شاناز لقمان حمه طالب رمضان', '92.8', '85', 'NULL', 'NULL', 'NULL', 'NULL', 'NULL'),
('AIFyXCDM', 'مسلم فاتح جميل', '27.1', '55.6', 'NULL', 'NULL', 'NULL', 'NULL', 'NULL'),
('AjPHL5lk', 'ئه‌له‌ند ابراهيم سعيد فتح الله', '64', '54.7', 'NULL', 'NULL', 'NULL', 'NULL', 'NULL'),
('AKZySKiI', 'ڕۆڤان قادر حسن عبدالله', '69.9', '63.7', 'NULL', 'NULL', 'NULL', 'NULL', 'NULL'),
('AQBaljeS', 'ڕوزا نورى امين اسماعيل', '92.1', '92.5', 'NULL', 'NULL', 'NULL', 'NULL', 'NULL'),
('aYrJaau6', 'ريام محمد جعفر خضر', '67.3', '65.2', 'NULL', 'NULL', 'NULL', 'NULL', 'NULL'),
('b2ZE3krp', 'ديدار سهاد داود حمه رحيم', 'nill', 'nill', 'nill', 'nill', 'nill', 'nill', 'nill'),
('B6ayMzNh', 'چيا قادر صابر', '65.8', '62.7', 'NULL', 'NULL', 'NULL', 'NULL', 'NULL'),
('bgzziZQn', 'كامران محمد نورى حسن', '42.4', '34.5', 'NULL', 'NULL', 'NULL', 'NULL', 'NULL'),
('BMjmilAW', 'په‌يڤين يوسف احمد عبدالصمد', '73', '61.8', 'NULL', 'NULL', 'NULL', 'NULL', 'NULL'),
('BNM123NM', 'ساسان ابوبکر علی (Anatomy) عبور', 'nill', '36.9', 'nill', 'nill', 'nill', 'nill', 'nill'),
('BWSqPzuM', 'سۆزان عبدالرحمن محمد', '59.8', '54.6', 'NULL', 'NULL', 'NULL', 'NULL', 'NULL'),
('CCm0plJv', 'زه‌نوێر نجم الدين قادر مجيد', '71.5', '68.5', 'NULL', 'NULL', 'NULL', 'NULL', 'NULL'),
('cKunXD3H', 'کیژێ سه‌ردار كريم براخاس', '81.2', '78.1', 'NULL', 'NULL', 'NULL', 'NULL', 'NULL'),
('cNqA6Hja', 'ڕه‌هێڵ فاضل طاهر توفيق', '57.2', '54.3', 'NULL', 'NULL', 'NULL', 'NULL', 'NULL'),
('crYFKnfp', 'رێكار بكر محمد امين حويز', '64.7', '58.4', 'NULL', 'NULL', 'NULL', 'NULL', 'NULL'),
('Cxvd5r0x', 'سۆزيار ابراهيم اورحيم اورحمان', '66.8', '59.5', 'NULL', 'NULL', 'NULL', 'NULL', 'NULL'),
('D02Iwe52', 'عمر عبدالله يوسف طيب', '79.4', '76.4', 'NULL', 'NULL', 'NULL', 'NULL', 'NULL'),
('D27onwBj', 'سه‌يران محمد حسن صالح', '65.1', '64.5', 'NULL', 'NULL', 'NULL', 'NULL', 'NULL'),
('d2APmzpv', 'الاء عبدالقادر على محمد', '71.1', '62.8', 'NULL', 'NULL', 'NULL', 'NULL', 'NULL'),
('d9PdBwrQ', 'به‌ندير صلاح الدين سعيد', '61.1', '62.2', 'NULL', 'NULL', 'NULL', 'NULL', 'NULL'),
('DDD666YY', 'میران حکمت محمد', '100', '90', '67', '50', '59', '78', '99'),
('dGZeK1Cf', 'زانا حبيب حسن على', '56.9', '50.4', 'NULL', 'NULL', 'NULL', 'NULL', 'NULL'),
('DHnIG4Rk', 'به‌هره كريم ره‌شيد حميد', '35.6', '40.2', 'NULL', 'NULL', 'NULL', 'NULL', 'NULL'),
('dkOlylKu', 'تروسكه حسن محمود احمد', '66.2', '57.8', 'NULL', 'NULL', 'NULL', 'NULL', 'NULL'),
('dLJZEWGP', 'ڕاسان كاوه محمد جمال', '67.4', '60.6', 'NULL', 'NULL', 'NULL', 'NULL', 'NULL'),
('DNp11jbV', 'ديده‌ن هادى محمود حسين', '49', '52.6', 'NULL', 'NULL', 'NULL', 'NULL', 'NULL'),
('dVBsfGSh', 'بڕوا عبدالرحيم عبدالله رِحيم', '50.4', '61.7', 'NULL', 'NULL', 'NULL', 'NULL', 'NULL'),
('E4faJE1h', 'سميه عادل صالح كاكه‌ برا', '63.3', '57.4', 'NULL', 'NULL', 'NULL', 'NULL', 'NULL'),
('E6lvI7gW', 'کۆژین سه‌ردار محمد', '92.6', '90.3', 'NULL', 'NULL', 'NULL', 'NULL', 'NULL'),
('eO64Rde0', 'هميله عبدالله احمد', '79.8', '79.6', 'NULL', 'NULL', 'NULL', 'NULL', 'NULL'),
('EOtrSLTN', 'ئه‌وين عاصى فرود عزيز', '50.5', '38.3', 'NULL', 'NULL', 'NULL', 'NULL', 'NULL'),
('EWSan4sj', 'مروه ابراهيم على محمد', '52.6', '41.5', 'NULL', 'NULL', 'NULL', 'NULL', 'NULL'),
('FqLadPXA', 'سه‌ربه‌ست حسن فتاح', '64.8', '53.8', 'NULL', 'NULL', 'NULL', 'NULL', 'NULL'),
('FUj8NCB4', 'شنيا احمد رضا مجيد', '84.7', '55.4', 'NULL', 'NULL', 'NULL', 'NULL', 'NULL'),
('fxxIFqaL', 'پروشه صباح اسعد احمد', '82.9', '77.9', 'NULL', 'NULL', 'NULL', 'NULL', 'NULL'),
('GBLwJjYI', 'ساڤۆ صلاح الدين هادى احمد', '70.8', '51.7', 'NULL', 'NULL', 'NULL', 'NULL', 'NULL'),
('GkXlxY3O', 'هناء حمه امين محمد صالح', '80.8', '80.9', 'NULL', 'NULL', 'NULL', 'NULL', 'NULL'),
('GmBI1Kxy', 'اسيا ديارى نجيب مصطفى', '88.9', '90.4', 'NULL', 'NULL', 'NULL', 'NULL', 'NULL'),
('GzDJbNN4', 'شيدا عمر على كرم خان', '76', '68', 'NULL', 'NULL', 'NULL', 'NULL', 'NULL'),
('H7F77pfA', 'ده‌روون عمر مصطفى يونس', '81.9', '61.1', 'NULL', 'NULL', 'NULL', 'NULL', 'NULL'),
('HHYYUU88', 'فرمێسك طارق محمود (Prosthetic) عبور', 'nill', 'nill', 'nill', 'nill', 'NULL', 'nill', 'nill'),
('HOGUmS5d', 'محمد غفور حسن على', '63.4', '66', 'NULL', 'NULL', 'NULL', 'NULL', 'NULL'),
('HzPdByL2', 'هه‌وار محمد رسول', '61.3', '84.3', 'NULL', 'NULL', 'NULL', 'NULL', 'NULL'),
('I9yPuS6Z', 'عقيل ابراهيم على باوه', '31.8', '57.6', 'NULL', 'NULL', 'NULL', 'NULL', 'NULL'),
('JGcHbnQo', 'ديانا خليل عبدالكريم حق مراد', '56.3', '66.8', 'NULL', 'NULL', 'NULL', 'NULL', 'NULL'),
('JGQPAe02', 'مير عبدالكريم عبدالمجيد', '60.5', '62.7', 'NULL', 'NULL', 'NULL', 'NULL', 'NULL'),
('JTXWTYm4', 'سيما اومێد حكيم مصطفى', '62.4', '59.7', 'NULL', 'NULL', 'NULL', 'NULL', 'NULL'),
('jvfQM3WR', 'كازيوه حميد جميل عبدالرحمن', '59.1', '57.8', 'NULL', 'NULL', 'NULL', 'NULL', 'NULL'),
('kcAfmv8j', 'ژوان اركان حسن غفور', '55.8', '52.4', 'NULL', 'NULL', 'NULL', 'NULL', 'NULL'),
('KkdV3XYA', 'باڤێڵ على اسماعيل على', '51.6', '57.5', 'NULL', 'NULL', 'NULL', 'NULL', 'NULL'),
('KKLLTT90', 'بێریڤان عطا محمد (Physiology) عبور', 'nill', 'nill', 'nill', 'NULL', 'nill', 'nill', 'nill'),
('L0mzLPlw', 'ئايدا عباس محمد جعفر', '79.1', '68.5', 'NULL', 'NULL', 'NULL', 'NULL', 'NULL'),
('L699NTtd', 'ژالیا مردان صالح قادر', '65.8', '50.6', 'NULL', 'NULL', 'NULL', 'NULL', 'NULL'),
('LNIOHDLR', 'گوڵان ڕاژان فواد', '70.6', '68.2', 'NULL', 'NULL', 'NULL', 'NULL', 'NULL'),
('LOHeo8ya', 'گه‌شبين احمد اسماعيل كريم', '70.3', '81.1', 'NULL', 'NULL', 'NULL', 'NULL', 'NULL'),
('lQt1hEtd', 'سناء احمد عبدالله', '92.8', '88.4', 'NULL', 'NULL', 'NULL', 'NULL', 'NULL'),
('mfLTfHRE', 'ڤانيا شوان كمال رشيد', '69', '67', 'NULL', 'NULL', 'NULL', 'NULL', 'NULL'),
('MKM789LL', 'لاڤین محمد حمه عزیز (Dental Material) عبور', 'nill', 'nill', 'nill', 'nill', 'nill', 'NULL', 'nill'),
('MmGYy4Q1', 'سارا عزت محمد حسين', '71.9', '82.1', 'NULL', 'NULL', 'NULL', 'NULL', 'NULL'),
('mmkQUnGi', 'بووژان رفيق هياس قادر', '73.8', '81.7', 'NULL', 'NULL', 'NULL', 'NULL', 'NULL'),
('MNRQXzDy', 'محمد عبدالسلام سالار', '70.4', '63.1', 'NULL', 'NULL', 'NULL', 'NULL', 'NULL'),
('mreA0PoZ', 'له‌نيا خه‌بات صالح', '85', '79', 'NULL', 'NULL', 'NULL', 'NULL', 'NULL'),
('mvDEz1zH', 'سازگار محسن انوه‌ر معروف', '82.8', '58.6', 'NULL', 'NULL', 'NULL', 'NULL', 'NULL'),
('MXxVZMkX', 'تروسكه عبدالله رۆسته‌م', '69.8', '75.1', 'NULL', 'NULL', 'NULL', 'NULL', 'NULL'),
('n2hXm7LO', 'لاڤه نيازى به‌كر', '72.8', '74.7', 'NULL', 'NULL', 'NULL', 'NULL', 'NULL'),
('nc9LXVzn', 'ڕێز ئارى عثمان', '51.7', '67.9', 'NULL', 'NULL', 'NULL', 'NULL', 'NULL'),
('nkQUOGME', 'زانكۆ عبدالرحمن على قادر', '69.6', '56.2', 'NULL', 'NULL', 'NULL', 'NULL', 'NULL'),
('NQgm0hPl', 'مير عامر محمد على', '59.6', '43.7', 'NULL', 'NULL', 'NULL', 'NULL', 'NULL'),
('o3cjXKaU', 'سارا دانا لطيف محى الدين', '86.3', '82.2', 'NULL', 'NULL', 'NULL', 'NULL', 'NULL'),
('o9J83bwu', 'قيصر صلاح الدين مصطفى محمد', '60.2', '53.8', 'NULL', 'NULL', 'NULL', 'NULL', 'NULL'),
('od7Qrb5G', 'به‌مۆ جليل عبدالله', '24', '74.1', 'NULL', 'NULL', 'NULL', 'NULL', 'NULL'),
('oFGIO5gT', 'كارينا محمد عبدالله', '76.6', '72.7', 'NULL', 'NULL', 'NULL', 'NULL', 'NULL'),
('Ognzgqdt', 'ئاسوده جمال عمر علي', '89.2', '74.8', 'NULL', 'NULL', 'NULL', 'NULL', 'NULL'),
('oGZ2B9Ke', 'ژیار اسماعيل احمد حسن', '57.6', '53.5', 'NULL', 'NULL', 'NULL', 'NULL', 'NULL'),
('oN0AYhWb', 'شنيار صديق حمه شريف', '56.9', '51.2', 'NULL', 'NULL', 'NULL', 'NULL', 'NULL'),
('OPT432TY', 'شێنێ حمید صابر (Dental Material) عبور', 'nill', 'nill', 'nill', 'nill', 'nill', 'NULL', 'nill'),
('pAUqKQdi', 'سميه رؤؤف نامق صديق', '61.4', '47.3', 'NULL', 'NULL', 'NULL', 'NULL', 'NULL'),
('PcO51rsx', 'پاڤی سه‌ربه‌ست كريم محمد', '53.4', '51.1', 'NULL', 'NULL', 'NULL', 'NULL', 'NULL'),
('PJyCIt3X', 'لاوك حسن نورى', '27.5', '40.2', 'NULL', 'NULL', 'NULL', 'NULL', 'NULL'),
('PN27krct', 'ژیار كريم احمد', '81.6', '65.5', 'NULL', 'NULL', 'NULL', 'NULL', 'NULL'),
('POfp1DYm', 'مريم فارس فاضل', '72.7', '64.3', 'NULL', 'NULL', 'NULL', 'NULL', 'NULL'),
('Q0ox7wTP', 'سيڤانه فاروق وهاب صالح', '75.1', '85.9', 'NULL', 'NULL', 'NULL', 'NULL', 'NULL'),
('QAzCiJy2', 'ڕه‌وا كاوه رِشيد احمد', '66.9', '71.3', 'NULL', 'NULL', 'NULL', 'NULL', 'NULL'),
('QD5r0QZC', 'سايه نورى محمد عمر', '85.8', '88.9', 'NULL', 'NULL', 'NULL', 'NULL', 'NULL'),
('QHaKLh1X', 'شوخان محمد رسول بايز', '76', '86.4', 'NULL', 'NULL', 'NULL', 'NULL', 'NULL'),
('rAaJUFFt', 'ياسين سعد سليَمان داود', 'NULL', 'NULL', 'NULL', 'NULL', 'NULL', 'NULL', 'NULL'),
('rbfFPbGZ', 'ژوان احمد موستةفا حسن', '57.9', '46.6', 'NULL', 'NULL', 'NULL', 'NULL', 'NULL'),
('rjmRd7nM', 'ديلان محمد نجيب', '35.3', '60.4', 'NULL', 'NULL', 'NULL', 'NULL', 'NULL'),
('RJQUO55k', 'ساڕێژ عبدالله خزر', '41.9', '43.7', 'NULL', 'NULL', 'NULL', 'NULL', 'NULL'),
('roQiLsNz', 'هيوا خورشيد محمد قادر', '63.9', '68.7', 'NULL', 'NULL', 'NULL', 'NULL', 'NULL'),
('rsEehHFb', 'تۆلاس امير حمه عزيز حسين', '61.6', '51.1', 'NULL', 'NULL', 'NULL', 'NULL', 'NULL'),
('RTRU1233', 'کاشما جمال علی (Dental Material) عبور', 'nill', 'nill', 'nill', 'nill', 'nill', 'NULL', 'nill'),
('RzHQaItf', 'لۆزان عمر عثمان فرج', '89', '84.9', 'NULL', 'NULL', 'NULL', 'NULL', 'NULL'),
('Sd7BKw1l', 'سێوه هادى فرج قادر', '74.2', '57.7', 'NULL', 'NULL', 'NULL', 'NULL', 'NULL'),
('SFNXYFtr', 'نما تيمور رؤوف حمه امين', '68.5', '78', 'NULL', 'NULL', 'NULL', 'NULL', 'NULL'),
('SM1htrr3', 'هه‌ڤاڵ على محمد جرجيس', '62.4', '53.4', 'NULL', 'NULL', 'NULL', 'NULL', 'NULL'),
('SUPrap8e', 'زه‌هراء طه حمه‌ امين', '67.4', '53.1', 'NULL', 'NULL', 'NULL', 'NULL', 'NULL'),
('tbIEhErT', 'راز صالح محمود محمد', '47.7', '43.4', 'NULL', 'NULL', 'NULL', 'NULL', 'NULL'),
('uAINZFSl', 'هۆنا ئاراز محمد رِشيد', '61.8', '68.5', 'NULL', 'NULL', 'NULL', 'NULL', 'NULL'),
('UijB9opv', 'لارا سامان محمد رؤؤف', '90.4', 'nill', 'NULL', 'NULL', 'NULL', 'NULL', 'NULL'),
('UL1SscuR', 'به‌خشين بابان احمد', '72.6', '69.1', 'NULL', 'NULL', 'NULL', 'NULL', 'NULL'),
('uv9gjfF9', 'مروان فرهاد جميل احمد', '54.8', '58.7', 'NULL', 'NULL', 'NULL', 'NULL', 'NULL'),
('vmo2qbiD', 'عبدالله جمال نامق عبدالكريم', '66.4', '60.9', 'NULL', 'NULL', 'NULL', 'NULL', 'NULL'),
('WeYxz7hZ', 'په‌یام به‌رزان محمود', '78.7', '76.4', 'NULL', 'NULL', 'NULL', 'NULL', 'NULL'),
('wpahkA9A', 'محمد كريم حميد', '65.9', '66.4', 'NULL', 'NULL', 'NULL', 'NULL', 'NULL'),
('x9RwtesX', 'ساوا وريا امين', '76.4', '69.1', 'NULL', 'NULL', 'NULL', 'NULL', 'NULL'),
('xP4YsdLH', 'على جمال حسن', '31.8', '58.7', 'NULL', 'NULL', 'NULL', 'NULL', 'NULL'),
('xSfYpIQS', 'ئاريان محى الدين سعيد', '63.1', '61.8', 'NULL', 'NULL', 'NULL', 'NULL', 'NULL'),
('XUPi0QqK', 'هێڤیی فريدون عبدالله صالح', '55.1', '57.6', 'NULL', 'NULL', 'NULL', 'NULL', 'NULL'),
('XWgaaRmC', 'نه‌وبير سالار محمدامين رؤستم', '61.5', '57.4', 'NULL', 'NULL', 'NULL', 'NULL', 'NULL'),
('Y6HBqz7i', 'ايمان اسماعيل محمد سعيد', '94.8', '84', 'NULL', 'NULL', 'NULL', 'NULL', 'NULL'),
('Y8v00nm4', 'ماردين به‌ختيار محمد قادر', '47', '42.9', 'NULL', 'NULL', 'NULL', 'NULL', 'NULL'),
('ycERUvKl', 'لانيا محمد عبدالله محمد', '80.7', '83.3', 'NULL', 'NULL', 'NULL', 'NULL', 'NULL'),
('YgOkKmT6', 'بڵند حيدر على', '63.7', '11.6', 'NULL', 'NULL', 'NULL', 'NULL', 'NULL'),
('YhsDQkHH', 'به‌ختيار مجيد رشيد', '67.2', '60', 'NULL', 'NULL', 'NULL', 'NULL', 'NULL'),
('yoAen4LG', 'مه‌رزيه ڕزگار عبدالجبار قادر', '70.7', '70.9', 'NULL', 'NULL', 'NULL', 'NULL', 'NULL'),
('yqfeTBPz', 'پاراو عبدالله محمدنورى', '62.6', '60.4', 'NULL', 'NULL', 'NULL', 'NULL', 'NULL'),
('Yy9qFIzY', 'روقيه حسن حمه‌ صالح', '68.6', '68.3', 'NULL', 'NULL', 'NULL', 'NULL', 'NULL'),
('YYjtRkZU', 'سۆما حمه‌ سعيد ده‌رويش', '62.9', '56.6', 'NULL', 'NULL', 'NULL', 'NULL', 'NULL'),
('ze6lHVfV', 'سانا ابوبكر حمه امين قاضى', '80', '75.5', 'NULL', 'NULL', 'NULL', 'NULL', 'NULL'),
('ZJAjS3nY', 'سروشت ابوبكر رحيم محمود', '75.7', '74.9', 'NULL', 'NULL', 'NULL', 'NULL', 'NULL'),
('ZSCm48YA', 'محمد جلال عمر شريف', '64.6', '73.2', 'NULL', 'NULL', 'NULL', 'NULL', 'NULL'),
('ZXC66RR', 'گۆران عدنان عوسمان (Dental Material) عبور', 'nill', 'nill', 'nill', 'nill', 'nill', 'NULL', 'nill'),
('ZZCC77NN', 'محمد رحیم کریم (Dental Material) عبور', 'nill', 'nill', 'nill', 'nill', 'nill', 'NULL', 'nill');

-- --------------------------------------------------------

--
-- Table structure for table `tests`
--

CREATE TABLE `tests` (
  `id` int(3) NOT NULL,
  `name` varchar(70) CHARACTER SET utf8 COLLATE utf8_bin DEFAULT NULL,
  `Anatomy` int(3) DEFAULT NULL,
  `Histology` int(3) DEFAULT NULL,
  `Prosthetic` int(3) DEFAULT NULL,
  `Dental Material` int(3) DEFAULT NULL,
  `Oral Histology` int(3) DEFAULT NULL,
  `Biochemistry` int(3) DEFAULT NULL,
  `Physiology` int(3) DEFAULT NULL
) ENGINE=InnoDB DEFAULT CHARSET=latin1;

-- --------------------------------------------------------

--
-- Table structure for table `tests1`
--

CREATE TABLE `tests1` (
  `id` varchar(5) NOT NULL,
  `name` varchar(100) CHARACTER SET utf8 COLLATE utf8_unicode_ci DEFAULT NULL,
  `Dental Anatomy` varchar(20) DEFAULT NULL,
  `C.O.Anatomy` varchar(20) DEFAULT NULL,
  `Physics` varchar(20) DEFAULT NULL,
  `Chemistry` varchar(20) DEFAULT NULL,
  `Computer` varchar(20) DEFAULT NULL,
  `Biology` varchar(20) DEFAULT NULL,
  `Terminology` varchar(20) DEFAULT NULL,
  `Kurdology` varchar(20) DEFAULT NULL
) ENGINE=InnoDB DEFAULT CHARSET=utf8;

--
-- Dumping data for table `tests1`
--

INSERT INTO `tests1` (`id`, `name`, `Dental Anatomy`, `C.O.Anatomy`, `Physics`, `Chemistry`, `Computer`, `Biology`, `Terminology`, `Kurdology`) VALUES
('UCD01', 'احمد حسن قادر عبدالرحمن', '18.4', NULL, '11.875', NULL, NULL, '15', '33.5', NULL),
('UCD02', 'احمد فريق حمه حمه رحيم', '18.8', NULL, '14.375', NULL, NULL, '15', '32', NULL),
('UCD03', 'ارام صابر اورحمان', '12', NULL, '7.5', NULL, NULL, '16.25', '27.5', NULL),
('UCD04', 'اسان محمود احمد قاره‌مان', '13.2', NULL, '13.125', NULL, NULL, '13.75', '29', NULL),
('UCD05', 'الاء ابراهيم عثمان على', '18.2', NULL, '9.6875', NULL, NULL, '13.75', '27', NULL),
('UCD06', 'اورڤا غازي صابر جوكل ', '16.2', NULL, '14.0625', NULL, NULL, '12.5', '32.5', NULL),
('UCD07', 'باوان محمد محى الدين محمد', '18.4', NULL, '14.375', NULL, NULL, '15', '32.5', NULL),
('UCD08', 'به‌شدار بشير عزيز قادر', '15.4', NULL, '18.75', NULL, NULL, '15', '32.5', NULL),
('UCD09', 'بروا امين عبدالصمد عبدالله', '10.8', NULL, '11.875', NULL, NULL, '15', '20', NULL),
('UCD10', 'بيار احمد ميرزا محمد', '17', NULL, '12.5', NULL, NULL, '15', '32', NULL),
('UCD11', 'ترێ به‌هزاد رؤوف مصطفى', '19', NULL, '16.25', NULL, NULL, '15', '31.5', NULL),
('UCD12', 'پاكان بايزيد حسن عبدالله ', '10.6', NULL, '12.8125', NULL, NULL, '15', '27.5', NULL),
('UCD13', 'په‌يام  حسن عثمان  عبدالكريم', '19.4', NULL, '9.375', NULL, NULL, '15', '32', NULL),
('UCD14', 'په‌يام فائق احمد عبدالله', '13', NULL, '15.625', NULL, NULL, '15', '30.5', NULL),
('UCD15', 'په‌يوه‌ست صالح على كريم', '19.6', NULL, '23.125', NULL, NULL, '15', '33.5', NULL),
('UCD16', 'خێڵان عثمان محمد سعيد', '17.7', NULL, '17.1875', NULL, NULL, '15', '33', NULL),
('UCD17', 'داليا على عبدالله شريف', '14.1', NULL, '12.5', NULL, NULL, '15', '32.5', NULL),
('UCD18', 'دانا محمد عبدالکریم', '12.2', NULL, '13.4375', NULL, NULL, '15', '23', NULL),
('UCD19', 'دییه ڕێبوار نوری', '18.6', NULL, '13.75', NULL, NULL, '15', '31.5', NULL),
('UCD20', 'ڕاز سوارا سعيد كريم خان', '19.4', NULL, '12.5', NULL, NULL, '15', '33', NULL),
('UCD21', 'ڕه‌وشت ئازاد محمود خدر', '17', NULL, '13.75', NULL, NULL, '15', '30', NULL),
('UCD22', 'ڕۆژان عثمان حمه سعيد احمد', '13.8', NULL, '15', NULL, NULL, '15', '32', NULL),
('UCD23', 'ڕۆژيار سالار عبدول', '17.4', NULL, '10.9375', NULL, NULL, '15', '32', NULL),
('UCD24', 'ڕۆشنا بابكر عمر بابكر', '5.8', NULL, '10', NULL, NULL, '15', '32.5', NULL),
('UCD25', 'ڕێباز شێخة قادر رسوڵ', '15.4', NULL, '18.4375', NULL, NULL, '15', '34', NULL),
('UCD26', 'ڕێبين على محمد محمد', '16.6', NULL, '10.3125', NULL, NULL, '11.25', '29', NULL),
('UCD27', 'رابه‌ر فاروق کریم عبدالله ', '9.6', NULL, '5.625', NULL, NULL, '15', '31', NULL),
('UCD28', 'راميار جلال لطيف قادر', '12', NULL, '12.5', NULL, NULL, '15', '31.5', NULL),
('UCD29', 'ره‌يان سبحان رحمان محمد', '17.2', NULL, '12.1875', NULL, NULL, '15', '30', NULL),
('UCD30', 'ڕضوان صلاح عبدالكريم زۆراب', '12.6', NULL, '12.8125', NULL, NULL, '15', '30.5', NULL),
('UCD31', 'رۆژ سیروان علی حمە امین', '16.2', NULL, '13.4375', NULL, NULL, '15', '25.5', NULL),
('UCD32', 'رياض محمد عثمان حمه حسين', '18.2', NULL, '11.875', NULL, NULL, '15', '29', NULL),
('UCD33', 'ڕيژنه خليل عبدلكريم', 'absent', NULL, 'absent', NULL, NULL, 'absent', 'absent', NULL),
('UCD34', 'ژير عبداللطيف محمد تۆفيق', '13', NULL, '10', NULL, NULL, '15', '26', NULL),
('UCD35', 'سارا اسماعيل قادر محى الدين', '12', NULL, '10', NULL, NULL, '15', '33', NULL),
('UCD36', 'ساكار صالح محمدعبدالرحمان', '17.8', NULL, '12.5', NULL, NULL, '15', '32', NULL),
('UCD37', 'سۆزى عبدالله عبدالرحمان احمد', '18.6', NULL, '10.625', NULL, NULL, '15', '31', NULL),
('UCD38', 'سۆلين انوه‌ر ابوبكر كريم', '16.2', NULL, '13.125', NULL, NULL, '15', '31.5', NULL),
('UCD39', 'سۆماسه‌ربه‌ست عاصى على', '8.2', NULL, '10', NULL, NULL, '15', '28.5', NULL),
('UCD40', 'شانۆ رحيم عبدالله حمة صالح', '14.2', NULL, '5', NULL, NULL, '15', '', NULL),
('UCD41', 'شانيا تيمور عزيز محمد', '15', NULL, '12.8125', NULL, NULL, '15', '32', NULL),
('UCD42', 'شاهيد بهاءلدين محمد كريم', '15.4', NULL, '15.625', NULL, NULL, '15', '33', NULL),
('UCD43', 'شه‌نگ ڕزگار عبدالله أسماعيل', 'absent', NULL, 'absent', NULL, NULL, 'absent', 'absent', NULL),
('UCD44', 'شه‌نگه ئيدريس حمة امين حسين', '18.8', NULL, '13.75', NULL, NULL, '15', '29.5', NULL),
('UCD45', 'شه‌هێن ئومێد علي', '8.8', NULL, '5', NULL, NULL, '15', '26', NULL),
('UCD46', 'شكار ابوبكر على احمد', '9.6', NULL, '4.0625', NULL, NULL, '13.75', '25.5', NULL),
('UCD47', 'ڤانيا محمد حسيب عبدالكريم', '19.2', NULL, '16.5625', NULL, NULL, '12.5', '31.5', NULL),
('UCD48', 'كارۆخ جبار حمه أحمد', '19.6', NULL, '20', NULL, NULL, '13.75', '32.5', NULL),
('UCD49', 'كازيوه ادريس احمد محمود', '13.4', NULL, 'absent', NULL, NULL, 'absent', 'absent', NULL),
('UCD50', 'كۆسره‌ت محمد حسن قادر', '14', NULL, '5', NULL, NULL, '15', '31', NULL),
('UCD51', 'لارا أبراهيم على باوه', '13.5', NULL, '11.25', NULL, NULL, '15', '30', NULL),
('UCD52', 'لاڤه جليل تۆفيق كاكه برا', '16.8', NULL, '12.5', NULL, NULL, '15', '31.5', NULL),
('UCD53', 'لانه موفق على رضا', '18.8', NULL, '8.4375', NULL, NULL, '15', '32', NULL),
('UCD54', 'لاوه‌ند ابراهيم عارف عبدالله', '18.6', NULL, '19.0625', NULL, NULL, '12.5', '33.5', NULL),
('UCD55', 'له‌نيا عمر حسن حمه', '12.2', NULL, '15.625', NULL, NULL, '15', '31', NULL),
('UCD56', 'ماريا اسماعيل احمد محمد', '6.7', NULL, '7.5', NULL, NULL, '15', '29', NULL),
('UCD57', 'مه‌زن رزگار محمد امين ', '8.2', NULL, '8.4375', NULL, NULL, '13.75', '30', NULL),
('UCD58', 'محمه‌د جمال مجيد عبدلله', '15.6', NULL, '12.5', NULL, NULL, '15', '29.5', NULL),
('UCD59', 'محمد حميد عبدالله فرج', '8', NULL, '10.625', NULL, NULL, '13.75', '31', NULL),
('UCD60', 'محمد صلاح حسين حمة رحيم ', '19', NULL, '12.8125', NULL, NULL, '12.5', '33.5', NULL),
('UCD61', 'محمد عبداللة محمد على', '18.8', NULL, '10', NULL, NULL, '15', '34.5', NULL),
('UCD62', 'محمد على احمد كاكه حمه', '10.8', NULL, '8.4375', NULL, NULL, '13.75', '30.5', NULL),
('UCD63', 'محمد لقمان ابراهيم رشيد', '14.2', NULL, '10.625', NULL, NULL, '15', '31.5', NULL),
('UCD64', 'محمد ئارام عبدالله صالح', '7.8', NULL, '9.375', NULL, NULL, '15', '22.5', NULL),
('UCD65', 'مروان جمال محمد عبدالله', '8.4', NULL, '13.4375', NULL, NULL, '15', '31.5', NULL),
('UCD66', 'مروه كامران جمال حسين', '4.6', NULL, '7.8125', NULL, NULL, 'zero', '29.5', NULL),
('UCD67', 'مصطفى بكر محمود حمه', '16.2', NULL, '16.875', NULL, NULL, '15', '30.5', NULL),
('UCD68', 'نه‌وه‌ر سه‌روه‌ر محمد عمر', '3', NULL, '4.375', NULL, NULL, '8.75', '13', NULL),
('UCD69', 'نوال مصطفى عبدالله احمد', '15.6', NULL, '9.0625', NULL, NULL, '15', '32', NULL),
('UCD70', 'نوريا على احمد حسن ', '7.4', NULL, '12.1875', NULL, NULL, '15', '32', NULL),
('UCD71', 'نيگار لقمان غفور رشيد', '18.4', NULL, '14.0625', NULL, NULL, '15', '32.5', NULL),
('UCD72', 'نينا برهان عبدالكريم محمد', '18.4', NULL, '17.1875', NULL, NULL, '15', '30.5', NULL),
('UCD73', 'نينيا ڕزگار تۆفيق مراد', '18.8', NULL, '11.875', NULL, NULL, '15', '33', NULL),
('UCD74', 'هانا له‌تيف عبدالقادر ', '18', NULL, '18.125', NULL, NULL, '15', '32', NULL),
('UCD75', 'هه‌ڵويست جمال حسين فتاح', '18.5', NULL, '15', NULL, NULL, '15', '32.5', NULL),
('UCD76', 'هێژا شێرزاد نامق عبدالكريم', '18.6', NULL, '12.8125', NULL, NULL, '15', '32.5', NULL),
('UCD77', 'هێڤين لوقمان محمود أحمد', '16.6', NULL, '14.375', NULL, NULL, '15', '29.5', NULL),
('UCD78', 'يوسف اسعد عبدالوهاب رِسوڵ', '14.4', NULL, '10', NULL, NULL, '15', '31.5', NULL),
('UCD79', 'ئاسوده احمد صالح كريم', '18.6', NULL, '16.25', NULL, NULL, '15', '33', NULL),
('UCD80', 'ئاشنا عبداللة صالح احمد', '16.8', NULL, '12.1875', NULL, NULL, '15', '34.5', NULL),
('UCD81', 'ئاڤێستا مصطفى احمد حكيم', 'absent', NULL, 'absent', NULL, NULL, 'absent', 'absent', NULL),
('UCD82', 'ئاكار محمد محمد رحيم', '11.6', NULL, '10', NULL, NULL, '15', '33', NULL),
('UCD83', 'ئالان شێرزاد لطيف حسن', '14.6', NULL, '10.9375', NULL, NULL, '15', '32', NULL),
('UCD84', 'ئاوا ماكؤك حمد', '20', NULL, '17.1875', NULL, NULL, '15', '35', NULL),
('UCD85', 'ئه‌ژی زانا رئووف', '17.8', NULL, '14.6875', NULL, NULL, '15', '34', NULL),
('UCD86', 'سۆما نازم على', '8.2', NULL, '0', NULL, NULL, '13.7', NULL, NULL),
('UCD87', 'چرۆ احمد', 'absent', NULL, '0', NULL, NULL, NULL, NULL, NULL),
('UCD88', 'عبد الجليل حسن ', '0', NULL, '0', NULL, NULL, NULL, '31.5', NULL),
('UCD89', 'زهرا ته‌ها امين', '15.2', NULL, '0', NULL, NULL, NULL, NULL, NULL),
('', NULL, NULL, NULL, NULL, '20', NULL, NULL, NULL, NULL),
('', NULL, NULL, NULL, NULL, '23.5', NULL, NULL, NULL, NULL),
('', NULL, NULL, NULL, NULL, '24.75', NULL, NULL, NULL, NULL),
('', NULL, NULL, NULL, NULL, '21.75', NULL, NULL, NULL, NULL),
('', NULL, NULL, NULL, NULL, '22.125', NULL, NULL, NULL, NULL),
('', NULL, NULL, NULL, NULL, '24.375', NULL, NULL, NULL, NULL),
('', NULL, NULL, NULL, NULL, '22.25', NULL, NULL, NULL, NULL),
('', NULL, NULL, NULL, NULL, '24.25', NULL, NULL, NULL, NULL),
('', NULL, NULL, NULL, NULL, '17.5', NULL, NULL, NULL, NULL),
('', NULL, NULL, NULL, NULL, '23.75', NULL, NULL, NULL, NULL),
('', NULL, NULL, NULL, NULL, '25', NULL, NULL, NULL, NULL),
('', NULL, NULL, NULL, NULL, '21.375', NULL, NULL, NULL, NULL),
('', NULL, NULL, NULL, NULL, '21.125', NULL, NULL, NULL, NULL),
('', NULL, NULL, NULL, NULL, '22.25', NULL, NULL, NULL, NULL),
('', NULL, NULL, NULL, NULL, '22.125', NULL, NULL, NULL, NULL),
('', NULL, NULL, NULL, NULL, '23', NULL, NULL, NULL, NULL),
('', NULL, NULL, NULL, NULL, '23', NULL, NULL, NULL, NULL),
('', NULL, NULL, NULL, NULL, '20.25', NULL, NULL, NULL, NULL),
('', NULL, NULL, NULL, NULL, '24.75', NULL, NULL, NULL, NULL),
('', NULL, NULL, NULL, NULL, '19.625', NULL, NULL, NULL, NULL),
('', NULL, NULL, NULL, NULL, '22.125', NULL, NULL, NULL, NULL),
('', NULL, NULL, NULL, NULL, '23.875', NULL, NULL, NULL, NULL),
('', NULL, NULL, NULL, NULL, '21.625', NULL, NULL, NULL, NULL),
('', NULL, NULL, NULL, NULL, '19', NULL, NULL, NULL, NULL),
('', NULL, NULL, NULL, NULL, '22.875', NULL, NULL, NULL, NULL),
('', NULL, NULL, NULL, NULL, '17.875', NULL, NULL, NULL, NULL),
('', NULL, NULL, NULL, NULL, '21.75', NULL, NULL, NULL, NULL),
('', NULL, NULL, NULL, NULL, '21.625', NULL, NULL, NULL, NULL),
('', NULL, NULL, NULL, NULL, '24.75', NULL, NULL, NULL, NULL),
('', NULL, NULL, NULL, NULL, '21.75', NULL, NULL, NULL, NULL),
('', NULL, NULL, NULL, NULL, '21.75', NULL, NULL, NULL, NULL),
('', NULL, NULL, NULL, NULL, '16.875', NULL, NULL, NULL, NULL),
('', NULL, NULL, NULL, NULL, 'absent', NULL, NULL, NULL, NULL),
('', NULL, NULL, NULL, NULL, '23.25', NULL, NULL, NULL, NULL),
('', NULL, NULL, NULL, NULL, '22.5', NULL, NULL, NULL, NULL),
('', NULL, NULL, NULL, NULL, '22.75', NULL, NULL, NULL, NULL),
('', NULL, NULL, NULL, NULL, '24.625', NULL, NULL, NULL, NULL),
('', NULL, NULL, NULL, NULL, '22.875', NULL, NULL, NULL, NULL),
('', NULL, NULL, NULL, NULL, '22.5', NULL, NULL, NULL, NULL),
('', NULL, NULL, NULL, NULL, '21.75', NULL, NULL, NULL, NULL),
('', NULL, NULL, NULL, NULL, '20.25', NULL, NULL, NULL, NULL),
('', NULL, NULL, NULL, NULL, '25', NULL, NULL, NULL, NULL),
('', NULL, NULL, NULL, NULL, 'absent', NULL, NULL, NULL, NULL),
('', NULL, NULL, NULL, NULL, '25', NULL, NULL, NULL, NULL),
('', NULL, NULL, NULL, NULL, '21.875', NULL, NULL, NULL, NULL),
('', NULL, NULL, NULL, NULL, '15.25', NULL, NULL, NULL, NULL),
('', NULL, NULL, NULL, NULL, '23.375', NULL, NULL, NULL, NULL),
('', NULL, NULL, NULL, NULL, '21.875', NULL, NULL, NULL, NULL),
('', NULL, NULL, NULL, NULL, 'absent', NULL, NULL, NULL, NULL),
('', NULL, NULL, NULL, NULL, '18.125', NULL, NULL, NULL, NULL),
('', NULL, NULL, NULL, NULL, '19', NULL, NULL, NULL, NULL),
('', NULL, NULL, NULL, NULL, '25', NULL, NULL, NULL, NULL),
('', NULL, NULL, NULL, NULL, '24.375', NULL, NULL, NULL, NULL),
('', NULL, NULL, NULL, NULL, '24.125', NULL, NULL, NULL, NULL),
('', NULL, NULL, NULL, NULL, '22.375', NULL, NULL, NULL, NULL),
('', NULL, NULL, NULL, NULL, '20.25', NULL, NULL, NULL, NULL),
('', NULL, NULL, NULL, NULL, '22.125', NULL, NULL, NULL, NULL),
('', NULL, NULL, NULL, NULL, '22', NULL, NULL, NULL, NULL),
('', NULL, NULL, NULL, NULL, '21.125', NULL, NULL, NULL, NULL),
('', NULL, NULL, NULL, NULL, '22.75', NULL, NULL, NULL, NULL),
('', NULL, NULL, NULL, NULL, '19.75', NULL, NULL, NULL, NULL),
('', NULL, NULL, NULL, NULL, '21', NULL, NULL, NULL, NULL),
('', NULL, NULL, NULL, NULL, '18', NULL, NULL, NULL, NULL),
('', NULL, NULL, NULL, NULL, '17.125', NULL, NULL, NULL, NULL),
('', NULL, NULL, NULL, NULL, '14.75', NULL, NULL, NULL, NULL),
('', NULL, NULL, NULL, NULL, '22.625', NULL, NULL, NULL, NULL),
('', NULL, NULL, NULL, NULL, '23.25', NULL, NULL, NULL, NULL),
('', NULL, NULL, NULL, NULL, '17.5', NULL, NULL, NULL, NULL),
('', NULL, NULL, NULL, NULL, '20.5', NULL, NULL, NULL, NULL),
('', NULL, NULL, NULL, NULL, '20.625', NULL, NULL, NULL, NULL),
('', NULL, NULL, NULL, NULL, '21.5', NULL, NULL, NULL, NULL),
('', NULL, NULL, NULL, NULL, '24.5', NULL, NULL, NULL, NULL),
('', NULL, NULL, NULL, NULL, '24.5', NULL, NULL, NULL, NULL),
('', NULL, NULL, NULL, NULL, '20.75', NULL, NULL, NULL, NULL),
('', NULL, NULL, NULL, NULL, '17.5', NULL, NULL, NULL, NULL),
('', NULL, NULL, NULL, NULL, '20.375', NULL, NULL, NULL, NULL),
('', NULL, NULL, NULL, NULL, '21.125', NULL, NULL, NULL, NULL),
('', NULL, NULL, NULL, NULL, '18.875', NULL, NULL, NULL, NULL),
('', NULL, NULL, NULL, NULL, '23', NULL, NULL, NULL, NULL),
('', NULL, NULL, NULL, NULL, '23', NULL, NULL, NULL, NULL),
('', NULL, NULL, NULL, NULL, 'absent', NULL, NULL, NULL, NULL),
('', NULL, NULL, NULL, NULL, '22.375', NULL, NULL, NULL, NULL),
('', NULL, NULL, NULL, NULL, '21.5', NULL, NULL, NULL, NULL),
('', NULL, NULL, NULL, NULL, '24.75', NULL, NULL, NULL, NULL),
('', NULL, NULL, NULL, NULL, '20.625', NULL, NULL, NULL, NULL),
('', NULL, NULL, NULL, NULL, 'absent', NULL, NULL, NULL, NULL),
('', NULL, NULL, NULL, NULL, 'absent', NULL, NULL, NULL, NULL),
('', NULL, NULL, NULL, NULL, 'absent', NULL, NULL, NULL, NULL),
('', NULL, NULL, NULL, NULL, 'absent', NULL, NULL, NULL, NULL),
('', NULL, NULL, NULL, NULL, '20', NULL, NULL, NULL, NULL),
('', NULL, NULL, NULL, NULL, '23.5', NULL, NULL, NULL, NULL),
('', NULL, NULL, NULL, NULL, '24.75', NULL, NULL, NULL, NULL),
('', NULL, NULL, NULL, NULL, '21.75', NULL, NULL, NULL, NULL),
('', NULL, NULL, NULL, NULL, '22.125', NULL, NULL, NULL, NULL),
('', NULL, NULL, NULL, NULL, '24.375', NULL, NULL, NULL, NULL),
('', NULL, NULL, NULL, NULL, '22.25', NULL, NULL, NULL, NULL),
('', NULL, NULL, NULL, NULL, '24.25', NULL, NULL, NULL, NULL),
('', NULL, NULL, NULL, NULL, '17.5', NULL, NULL, NULL, NULL),
('', NULL, NULL, NULL, NULL, '23.75', NULL, NULL, NULL, NULL),
('', NULL, NULL, NULL, NULL, '25', NULL, NULL, NULL, NULL),
('', NULL, NULL, NULL, NULL, '21.375', NULL, NULL, NULL, NULL),
('', NULL, NULL, NULL, NULL, '21.125', NULL, NULL, NULL, NULL),
('', NULL, NULL, NULL, NULL, '22.25', NULL, NULL, NULL, NULL),
('', NULL, NULL, NULL, NULL, '22.125', NULL, NULL, NULL, NULL),
('', NULL, NULL, NULL, NULL, '23', NULL, NULL, NULL, NULL),
('', NULL, NULL, NULL, NULL, '23', NULL, NULL, NULL, NULL),
('', NULL, NULL, NULL, NULL, '20.25', NULL, NULL, NULL, NULL),
('', NULL, NULL, NULL, NULL, '24.75', NULL, NULL, NULL, NULL),
('', NULL, NULL, NULL, NULL, '19.625', NULL, NULL, NULL, NULL),
('', NULL, NULL, NULL, NULL, '22.125', NULL, NULL, NULL, NULL),
('', NULL, NULL, NULL, NULL, '23.875', NULL, NULL, NULL, NULL),
('', NULL, NULL, NULL, NULL, '21.625', NULL, NULL, NULL, NULL),
('', NULL, NULL, NULL, NULL, '19', NULL, NULL, NULL, NULL),
('', NULL, NULL, NULL, NULL, '22.875', NULL, NULL, NULL, NULL),
('', NULL, NULL, NULL, NULL, '17.875', NULL, NULL, NULL, NULL),
('', NULL, NULL, NULL, NULL, '21.75', NULL, NULL, NULL, NULL),
('', NULL, NULL, NULL, NULL, '21.625', NULL, NULL, NULL, NULL),
('', NULL, NULL, NULL, NULL, '24.75', NULL, NULL, NULL, NULL),
('', NULL, NULL, NULL, NULL, '21.75', NULL, NULL, NULL, NULL),
('', NULL, NULL, NULL, NULL, '21.75', NULL, NULL, NULL, NULL),
('', NULL, NULL, NULL, NULL, '16.875', NULL, NULL, NULL, NULL),
('', NULL, NULL, NULL, NULL, 'absent', NULL, NULL, NULL, NULL),
('', NULL, NULL, NULL, NULL, '23.25', NULL, NULL, NULL, NULL),
('', NULL, NULL, NULL, NULL, '22.5', NULL, NULL, NULL, NULL),
('', NULL, NULL, NULL, NULL, '22.75', NULL, NULL, NULL, NULL),
('', NULL, NULL, NULL, NULL, '24.625', NULL, NULL, NULL, NULL),
('', NULL, NULL, NULL, NULL, '22.875', NULL, NULL, NULL, NULL),
('', NULL, NULL, NULL, NULL, '22.5', NULL, NULL, NULL, NULL),
('', NULL, NULL, NULL, NULL, '21.75', NULL, NULL, NULL, NULL),
('', NULL, NULL, NULL, NULL, '20.25', NULL, NULL, NULL, NULL),
('', NULL, NULL, NULL, NULL, '25', NULL, NULL, NULL, NULL),
('', NULL, NULL, NULL, NULL, 'absent', NULL, NULL, NULL, NULL),
('', NULL, NULL, NULL, NULL, '25', NULL, NULL, NULL, NULL),
('', NULL, NULL, NULL, NULL, '21.875', NULL, NULL, NULL, NULL),
('', NULL, NULL, NULL, NULL, '15.25', NULL, NULL, NULL, NULL),
('', NULL, NULL, NULL, NULL, '23.375', NULL, NULL, NULL, NULL),
('', NULL, NULL, NULL, NULL, '21.875', NULL, NULL, NULL, NULL),
('', NULL, NULL, NULL, NULL, 'absent', NULL, NULL, NULL, NULL),
('', NULL, NULL, NULL, NULL, '18.125', NULL, NULL, NULL, NULL),
('', NULL, NULL, NULL, NULL, '19', NULL, NULL, NULL, NULL),
('', NULL, NULL, NULL, NULL, '25', NULL, NULL, NULL, NULL),
('', NULL, NULL, NULL, NULL, '24.375', NULL, NULL, NULL, NULL),
('', NULL, NULL, NULL, NULL, '24.125', NULL, NULL, NULL, NULL),
('', NULL, NULL, NULL, NULL, '22.375', NULL, NULL, NULL, NULL),
('', NULL, NULL, NULL, NULL, '20.25', NULL, NULL, NULL, NULL),
('', NULL, NULL, NULL, NULL, '22.125', NULL, NULL, NULL, NULL),
('', NULL, NULL, NULL, NULL, '22', NULL, NULL, NULL, NULL),
('', NULL, NULL, NULL, NULL, '21.125', NULL, NULL, NULL, NULL),
('', NULL, NULL, NULL, NULL, '22.75', NULL, NULL, NULL, NULL),
('', NULL, NULL, NULL, NULL, '19.75', NULL, NULL, NULL, NULL),
('', NULL, NULL, NULL, NULL, '21', NULL, NULL, NULL, NULL),
('', NULL, NULL, NULL, NULL, '18', NULL, NULL, NULL, NULL),
('', NULL, NULL, NULL, NULL, '17.125', NULL, NULL, NULL, NULL),
('', NULL, NULL, NULL, NULL, '14.75', NULL, NULL, NULL, NULL),
('', NULL, NULL, NULL, NULL, '22.625', NULL, NULL, NULL, NULL),
('', NULL, NULL, NULL, NULL, '23.25', NULL, NULL, NULL, NULL),
('', NULL, NULL, NULL, NULL, '17.5', NULL, NULL, NULL, NULL),
('', NULL, NULL, NULL, NULL, '20.5', NULL, NULL, NULL, NULL),
('', NULL, NULL, NULL, NULL, '20.625', NULL, NULL, NULL, NULL),
('', NULL, NULL, NULL, NULL, '21.5', NULL, NULL, NULL, NULL),
('', NULL, NULL, NULL, NULL, '24.5', NULL, NULL, NULL, NULL),
('', NULL, NULL, NULL, NULL, '24.5', NULL, NULL, NULL, NULL),
('', NULL, NULL, NULL, NULL, '20.75', NULL, NULL, NULL, NULL),
('', NULL, NULL, NULL, NULL, '17.5', NULL, NULL, NULL, NULL),
('', NULL, NULL, NULL, NULL, '20.375', NULL, NULL, NULL, NULL),
('', NULL, NULL, NULL, NULL, '21.125', NULL, NULL, NULL, NULL),
('', NULL, NULL, NULL, NULL, '18.875', NULL, NULL, NULL, NULL),
('', NULL, NULL, NULL, NULL, '23', NULL, NULL, NULL, NULL),
('', NULL, NULL, NULL, NULL, '23', NULL, NULL, NULL, NULL),
('', NULL, NULL, NULL, NULL, 'absent', NULL, NULL, NULL, NULL),
('', NULL, NULL, NULL, NULL, '22.375', NULL, NULL, NULL, NULL),
('', NULL, NULL, NULL, NULL, '21.5', NULL, NULL, NULL, NULL),
('', NULL, NULL, NULL, NULL, '24.75', NULL, NULL, NULL, NULL),
('', NULL, NULL, NULL, NULL, '20.625', NULL, NULL, NULL, NULL),
('', NULL, NULL, NULL, NULL, 'absent', NULL, NULL, NULL, NULL),
('', NULL, NULL, NULL, NULL, 'absent', NULL, NULL, NULL, NULL),
('', NULL, NULL, NULL, NULL, 'absent', NULL, NULL, NULL, NULL),
('', NULL, NULL, NULL, NULL, 'absent', NULL, NULL, NULL, NULL),
('', NULL, NULL, NULL, NULL, NULL, '75', NULL, NULL, NULL),
('', NULL, NULL, NULL, NULL, NULL, '83', NULL, NULL, NULL),
('', NULL, NULL, NULL, NULL, NULL, '66', NULL, NULL, NULL),
('', NULL, NULL, NULL, NULL, NULL, '91', NULL, NULL, NULL),
('', NULL, NULL, NULL, NULL, NULL, '81', NULL, NULL, NULL),
('', NULL, NULL, NULL, NULL, NULL, '48', NULL, NULL, NULL),
('', NULL, NULL, NULL, NULL, NULL, '98', NULL, NULL, NULL),
('', NULL, NULL, NULL, NULL, NULL, '95', NULL, NULL, NULL),
('', NULL, NULL, NULL, NULL, NULL, '96', NULL, NULL, NULL),
('', NULL, NULL, NULL, NULL, NULL, '87', NULL, NULL, NULL),
('', NULL, NULL, NULL, NULL, NULL, '94', NULL, NULL, NULL),
('', NULL, NULL, NULL, NULL, NULL, '83', NULL, NULL, NULL),
('', NULL, NULL, NULL, NULL, NULL, '80', NULL, NULL, NULL),
('', NULL, NULL, NULL, NULL, NULL, '85', NULL, NULL, NULL),
('', NULL, NULL, NULL, NULL, NULL, '94', NULL, NULL, NULL),
('', NULL, NULL, NULL, NULL, NULL, '94', NULL, NULL, NULL),
('', NULL, NULL, NULL, NULL, NULL, '90', NULL, NULL, NULL),
('', NULL, NULL, NULL, NULL, NULL, '76', NULL, NULL, NULL),
('', NULL, NULL, NULL, NULL, NULL, '81', NULL, NULL, NULL),
('', NULL, NULL, NULL, NULL, NULL, '73', NULL, NULL, NULL),
('', NULL, NULL, NULL, NULL, NULL, '71', NULL, NULL, NULL),
('', NULL, NULL, NULL, NULL, NULL, '65', NULL, NULL, NULL),
('', NULL, NULL, NULL, NULL, NULL, '85', NULL, NULL, NULL),
('', NULL, NULL, NULL, NULL, NULL, '76', NULL, NULL, NULL),
('', NULL, NULL, NULL, NULL, NULL, '93', NULL, NULL, NULL),
('', NULL, NULL, NULL, NULL, NULL, '90', NULL, NULL, NULL),
('', NULL, NULL, NULL, NULL, NULL, '82', NULL, NULL, NULL),
('', NULL, NULL, NULL, NULL, NULL, '88', NULL, NULL, NULL),
('', NULL, NULL, NULL, NULL, NULL, '88', NULL, NULL, NULL),
('', NULL, NULL, NULL, NULL, NULL, '78', NULL, NULL, NULL),
('', NULL, NULL, NULL, NULL, NULL, '89', NULL, NULL, NULL),
('', NULL, NULL, NULL, NULL, NULL, '79', NULL, NULL, NULL),
('', NULL, NULL, NULL, NULL, NULL, 'absent', NULL, NULL, NULL),
('', NULL, NULL, NULL, NULL, NULL, '79', NULL, NULL, NULL),
('', NULL, NULL, NULL, NULL, NULL, '66', NULL, NULL, NULL),
('', NULL, NULL, NULL, NULL, NULL, '88', NULL, NULL, NULL),
('', NULL, NULL, NULL, NULL, NULL, '88', NULL, NULL, NULL),
('', NULL, NULL, NULL, NULL, NULL, '84', NULL, NULL, NULL),
('', NULL, NULL, NULL, NULL, NULL, '50', NULL, NULL, NULL),
('', NULL, NULL, NULL, NULL, NULL, '62', NULL, NULL, NULL),
('', NULL, NULL, NULL, NULL, NULL, '63', NULL, NULL, NULL),
('', NULL, NULL, NULL, NULL, NULL, '100', NULL, NULL, NULL),
('', NULL, NULL, NULL, NULL, NULL, 'absent', NULL, NULL, NULL),
('', NULL, NULL, NULL, NULL, NULL, '94', NULL, NULL, NULL),
('', NULL, NULL, NULL, NULL, NULL, '66', NULL, NULL, NULL),
('', NULL, NULL, NULL, NULL, NULL, '53', NULL, NULL, NULL),
('', NULL, NULL, NULL, NULL, NULL, '91', NULL, NULL, NULL),
('', NULL, NULL, NULL, NULL, NULL, '89', NULL, NULL, NULL),
('', NULL, NULL, NULL, NULL, NULL, 'absent', NULL, NULL, NULL),
('', NULL, NULL, NULL, NULL, NULL, '49', NULL, NULL, NULL),
('', NULL, NULL, NULL, NULL, NULL, '79', NULL, NULL, NULL),
('', NULL, NULL, NULL, NULL, NULL, '83', NULL, NULL, NULL),
('', NULL, NULL, NULL, NULL, NULL, '86', NULL, NULL, NULL),
('', NULL, NULL, NULL, NULL, NULL, '83', NULL, NULL, NULL),
('', NULL, NULL, NULL, NULL, NULL, '77', NULL, NULL, NULL),
('', NULL, NULL, NULL, NULL, NULL, '59', NULL, NULL, NULL),
('', NULL, NULL, NULL, NULL, NULL, '69', NULL, NULL, NULL),
('', NULL, NULL, NULL, NULL, NULL, '75', NULL, NULL, NULL),
('', NULL, NULL, NULL, NULL, NULL, '76', NULL, NULL, NULL),
('', NULL, NULL, NULL, NULL, NULL, '96', NULL, NULL, NULL),
('', NULL, NULL, NULL, NULL, NULL, '89', NULL, NULL, NULL),
('', NULL, NULL, NULL, NULL, NULL, '72', NULL, NULL, NULL),
('', NULL, NULL, NULL, NULL, NULL, '81', NULL, NULL, NULL),
('', NULL, NULL, NULL, NULL, NULL, '67', NULL, NULL, NULL),
('', NULL, NULL, NULL, NULL, NULL, '76', NULL, NULL, NULL),
('', NULL, NULL, NULL, NULL, NULL, '36', NULL, NULL, NULL),
('', NULL, NULL, NULL, NULL, NULL, '90', NULL, NULL, NULL),
('', NULL, NULL, NULL, NULL, NULL, '40', NULL, NULL, NULL),
('', NULL, NULL, NULL, NULL, NULL, '80', NULL, NULL, NULL),
('', NULL, NULL, NULL, NULL, NULL, '83', NULL, NULL, NULL),
('', NULL, NULL, NULL, NULL, NULL, '76', NULL, NULL, NULL),
('', NULL, NULL, NULL, NULL, NULL, '94', NULL, NULL, NULL),
('', NULL, NULL, NULL, NULL, NULL, '93', NULL, NULL, NULL),
('', NULL, NULL, NULL, NULL, NULL, '87', NULL, NULL, NULL),
('', NULL, NULL, NULL, NULL, NULL, '84', NULL, NULL, NULL),
('', NULL, NULL, NULL, NULL, NULL, '75', NULL, NULL, NULL),
('', NULL, NULL, NULL, NULL, NULL, '60', NULL, NULL, NULL),
('', NULL, NULL, NULL, NULL, NULL, '74', NULL, NULL, NULL),
('', NULL, NULL, NULL, NULL, NULL, '80', NULL, NULL, NULL),
('', NULL, NULL, NULL, NULL, NULL, '84', NULL, NULL, NULL),
('', NULL, NULL, NULL, NULL, NULL, 'absent', NULL, NULL, NULL),
('', NULL, NULL, NULL, NULL, NULL, '83', NULL, NULL, NULL),
('', NULL, NULL, NULL, NULL, NULL, '98', NULL, NULL, NULL),
('', NULL, NULL, NULL, NULL, NULL, '94', NULL, NULL, NULL),
('', NULL, NULL, NULL, NULL, NULL, '91', NULL, NULL, NULL),
('', NULL, NULL, NULL, NULL, NULL, 'absent', NULL, NULL, NULL),
('', NULL, NULL, NULL, NULL, NULL, 'absent', NULL, NULL, NULL),
('', NULL, NULL, NULL, NULL, NULL, '70', NULL, NULL, NULL),
('', NULL, NULL, NULL, NULL, NULL, 'absent', NULL, NULL, NULL);

-- --------------------------------------------------------

--
-- Table structure for table `tests2`
--

CREATE TABLE `tests2` (
  `id` varchar(10) NOT NULL,
  `name` varchar(50) DEFAULT NULL,
  `Dental Anatomy` varchar(50) DEFAULT NULL,
  `Clinical Oriented Anatomy` varchar(50) DEFAULT NULL,
  `Physics` varchar(50) DEFAULT NULL,
  `Chemistry` varchar(50) DEFAULT NULL,
  `Computer` varchar(50) DEFAULT NULL,
  `Biology` varchar(50) DEFAULT NULL,
  `Terminology` varchar(50) DEFAULT NULL,
  `Kurdology` varchar(50) DEFAULT NULL
) ENGINE=InnoDB DEFAULT CHARSET=utf8mb4;

--
-- Dumping data for table `tests2`
--

INSERT INTO `tests2` (`id`, `name`, `Dental Anatomy`, `Clinical Oriented Anatomy`, `Physics`, `Chemistry`, `Computer`, `Biology`, `Terminology`, `Kurdology`) VALUES
('UCD01', 'احمد حسن قادر عبدالرحمن', '18.4', '22.75', '11.875', '20', '18.75', '15', '33.5', '25.9'),
('UCD02', 'احمد فريق حمه حمه رحيم', '18.8', '24.75', '14.375', '23.5', '20.75', '15', '32', '30.45'),
('UCD03', 'ارام صابر اورحمان', '12', '25', '7.5', '24.75', '16.5', '16.25', '27.5', '29.05'),
('UCD04', 'اسان محمود احمد قاره‌مان', '13.2', '24.5', '13.125', '21.75', '22.75', '13.75', '29', '26.6'),
('UCD05', 'الاء ابراهيم عثمان على', '18.2', '20.5', '9.6875', '22.125', '20.25', '13.75', '27', '28.35'),
('UCD06', 'اورڤا غازي صابر جوكل', '16.2', '21.25', '14.0625', '24.375', '12', '12.5', '32.5', '31.5'),
('UCD07', 'باوان محمد محى الدين محمد', '18.4', '24.25', '14.375', '22.25', '24.5', '15', '32.5', '30.8'),
('UCD08', 'به‌شدار بشير عزيز قادر', '15.4', '21.5', '18.75', '24.25', '23.75', '15', '32.5', '31.15'),
('UCD09', 'بروا امين عبدالصمد عبدالله', '10.8', '14.75', '11.875', '17.5', '24', '15', '20', '29.75'),
('UCD10', 'بيار احمد ميرزا محمد', '17', '24.5', '12.5', '23.75', '21.75', '15', '32', '29.75'),
('UCD11', 'ترێ به‌هزاد رؤوف مصطفى', '19', '24.5', '16.25', '25', '23.5', '15', '31.5', '31.85'),
('UCD12', 'پاكان بايزيد حسن عبدالله', '10.6', '23.75', '12.8125', '21.375', '20.75', '15', '', '30.1'),
('UCD13', 'په‌یام حسن عثمان  عبدالكريم', '19.4', '24.25', '9.375', '21.125', '20', '15', '32', '30.1'),
('UCD14', 'په‌یام فائق احمد عبدالله', '13', '22.5', '15.625', '22.25', '21.25', '15', '30.5', '28.7'),
('UCD15', 'په‌يوه‌ست صالح على كريم', '19.6', '24.75', '23.125', '22.125', '23.5', '15', '33.5', '28'),
('UCD16', 'خيلان عثمان محمد سعيد', '17.7', '25', '17.1875', '23', '23.5', '15', '33', '31.85'),
('UCD17', 'داليا على عبداللة شريف', '14.1', '23.5', '12.5', '23', '22.5', '15', '32.5', '29.75'),
('UCD18', 'دانا محمد عبدالکریم', '12.2', '19.5', '13.4375', '20.25', '19', '15', '23', '29.05'),
('UCD19', 'ديه ڕێبوار نورى محمد ', '18.6', '24.25', '13.75', '24.75', '20.25', '15', '31.5', '30.45'),
('UCD20', 'رِاز سوارا سعيد كريم خان', '19.4', '24.5', '12.5', '19.625', '18.25', '15', '33', '31.5'),
('UCD21', 'رِه‌وشت ئازاد محمود خدر', '17', '23', '13.75', '22.125', '17.75', '15', '30', '26.95'),
('UCD22', 'ڕۆژان عثمان حمه سعيد احمد', '13.8', '20.75', '15', '23.875', '16.25', '15', '32', '32.9'),
('UCD23', 'ڕۆژيار سالار عبدول', '17.4', '24.25', '10.9375', '21.625', '21.25', '15', '32', '28.35'),
('UCD24', 'ڕۆشنا بابكر عمر بابكر', '5.8', '15', '10', '19', '19', '15', '32.5', '22.05'),
('UCD25', 'ڕێباز شيَخه قادر رسوڵ', '15.4', '24.5', '18.4375', '22.875', '23.25', '15', '34', '29.75'),
('UCD26', 'رِێبين على محمد محمد', '16.6', '22.5', '10.3125', '17.875', '22.5', '11.25', '29', '23.45'),
('UCD27', 'رابەر فاروق کریم عبداللە', '9.6', '20.25', '5.625', '21.75', '20.5', '15', '31', '29.75'),
('UCD28', 'راميار جلال لطيف قادر', '12', '22', '12.5', '21.625', '22', '15', '31.5', '31.5'),
('UCD29', 'ره‌يان سبحان رحمان محمد', '17.2', '25', '12.1875', '24.75', '22', '15', '30', '33.25'),
('UCD30', 'رضوان صلاح عبدالكريم زۆراب', '12.6', '22.5', '12.8125', '21.75', '19.5', '15', '30.5', '28'),
('UCD31', 'رۆژ سیروان علی حمە امین', '16.2', '21.5', '13.4375', '21.75', '22.25', '15', '25.5', '31.15'),
('UCD32', 'رياض محمد عثمان حمه حسين', '18.2', '24.25', '11.875', '16.875', '19.75', '15', '29', '17.85'),
('UCD33', 'ڕێژنه خليل عبدلكريم', 'absent', 'absent', 'absent', 'absent', 'absent', 'absent', 'absent', 'absent'),
('UCD34', 'ژير عبداللطيف محمد تۆفيق', '13', '19.5', '10', '23.25', '19.75', '15', '26', '22.75'),
('UCD35', 'سارا اسماعيل قادرمحى الدين', '12', '24.25', '10', '22.5', '16.5', '15', '33', '28'),
('UCD36', 'ساكار صالح محمدعبدالرحمان', '17.8', '25', '12.5', '22.75', '22', '15', '32', '26.95'),
('UCD37', 'سۆزى  عبدالله عبدالرحمان احمد', '18.6', '25', '10.625', '24.625', '22', '15', '31', '28.35'),
('UCD38', 'سۆلين انوه‌ر ابوبكر كريم', '16.2', '21.25', '13.125', '22.875', '21', '15', '31.5', '25.55'),
('UCD39', 'سۆما سه‌ربه‌ست عاصى على', '8.2', '21.5', '10', '22.5', '12.5', '15', '28.5', '29.05'),
('UCD40', 'شانۆ رحيم عبدالله حمه صالح', '14.2', '23.75', '5', '21.75', '15.5', '15', '27.5', '27.65'),
('UCD41', 'شانيا تيمور عزيز محمد', '15', '24.25', '12.8125', '20.25', '15.75', '15', '32', '26.95'),
('UCD42', 'شاهيد بهاءلدين محمد كريم', '15.4', '24.25', '15.625', '25', '25', '15', '33', '31.5'),
('UCD43', 'شه‌نگ ڕزگار عبدالله أسماعيل', 'absent', 'absent', 'absent', 'absent', 'absent', 'absent', 'absent', 'absent'),
('UCD44', 'شه‌نگه ئيدريس حمه امين حسين', '18.8', '24.75', '13.75', '25', '23.5', '15', '29.5', '28'),
('UCD45', 'شه‌هێن ئومێد علي', '8.8', '14.75', '5', '21.875', '16.5', '15', '26', '30.8'),
('UCD46', 'شكار ابوبكر على احمد', '9.6', '15.25', '4.0625', '15.25', '13.25', '13.75', '25.5', 'absent'),
('UCD47', 'ڤانيا محمد حسيب عبدالكريم', '19.2', '21.75', '16.5625', '23.375', '22.75', '12.5', '31.5', '29.4'),
('UCD48', 'كاروخ جبار حمه أحمد', '19.6', '24.75', '20', '21.875', '22.25', '13.75', '32.5', '28'),
('UCD49', 'كازيوه ادريس احمد محمود', '13.4', '20', 'absent', 'absent', 'absent', 'absent', 'absent', 'absent'),
('UCD50', 'كۆسره‌ت محمد حسن قادر', '14', '11.5', '5', '18.125', '12.25', '15', '31', '21.7'),
('UCD51', 'لارا أبراهيم على باوه', '13.5', '21', '11.25', '19', '19.75', '15', '30', '28.35'),
('UCD52', 'لاڤه جليل تۆفيق كاكه برا', '16.8', '25', '12.5', '25', '20.75', '15', '31.5', '30.1'),
('UCD53', 'لانه موفق على رضا', '18.8', '22', '8.4375', '24.375', '21.5', '15', '32', '30.45'),
('UCD54', 'لاوه‌ند ابراهيم عارف عبدالله', '18.6', '24.25', '19.0625', '24.125', '20.75', '', '33.5', '26.95'),
('UCD55', 'له‌نيا عمر حسن حمه', '12.2', '19', '15.625', '22.375', '19.25', '15', '31', '31.85'),
('UCD56', 'ماريا اسماعيل احمد محمد', '6.7', '18.75', '7.5', '20.25', '14.75', '15', '29', '25.2'),
('UCD57', 'مه‌زن رزگار محمد امين', '8.2', '17.25', '8.4375', '22.125', '17.25', '13.75', '30', '27.3'),
('UCD58', 'محمد جمال مجيد عبدلله', '15.6', '21', '12.5', '22', '18.75', '15', '29.5', '27.3'),
('UCD59', 'محمد حميد عبدالله فرج', '8', '20', '10.625', '21.125', '19', '13.75', '31', '23.45'),
('UCD60', 'محمد صلاح حسين حمه رحيم ', '19', '20.25', '12.8125', '22.75', '24', '12.5', '33.5', '25.9'),
('UCD61', 'محمد عبدالله محمد على', '18.8', '24.75', '10', '19.75', '22.25', '15', '34.5', '28'),
('UCD62', 'محمد على احمد كاكة حمة', '10.8', '22', '8.4375', '21', '18', '13.75', '30.5', '28.7'),
('UCD63', 'محمد لقمان ابراهيم رشيد', '14.2', '17.75', '10.625', '18', '20.25', '15', '31.5', '26.6'),
('UCD64', 'محمد ئارام عبدالله صالح', '7.8', '9.5', '9.375', '17.125', '16.75', '15', '22.5', '26.95'),
('UCD65', 'مروان جمال محمد عبداللة', '8.4', '19.25', '13.4375', '14.75', '19', '15', '31.5', '26.95'),
('UCD66', 'مروه كامران جمال حسين', '4.6', '18.5', '7.8125', '22.625', '9', 'zero', '29.5', '16.1'),
('UCD67', 'مصطفى بكر محمود حمة', '16.2', '24.75', '16.875', '23.25', '22.5', '15', '30.5', '30.45'),
('UCD68', 'نه‌وه‌ر سه‌روه‌ر محمد عمر', '3', '4.5', '4.375', '17.5', '10', '8.75', '13', '19.25'),
('UCD69', 'نوال مصطفى عبداللة احمد', '15.6', '25', '9.0625', '20.5', '20', '15', '32', '30.8'),
('UCD70', 'نوريا على احمد حسن ', '7.4', '19.25', '12.1875', '20.625', '20.75', '15', '32', '25.9'),
('UCD71', 'نيگار لقمان غفور رشيد', '18.4', '23.5', '14.0625', '21.5', '19', '15', '32.5', '32.9'),
('UCD72', 'نينا برهان عبدالكريم محمد', '18.4', '24.5', '17.1875', '24.5', '23.5', '15', '30.5', '30.45'),
('UCD73', 'نينيا رِزگار تۆفيق مراد', '18.8', '21.5', '11.875', '24.5', '23.25', '15', '33', '28.35'),
('UCD74', 'هانا لتيف عبدالقادر ', '18', '24.75', '18.125', '20.75', '21.75', '15', '32', '30.1'),
('UCD75', 'هه‌ڵوێست جمال حسين فتاح', '18.5', '22', '15', '17.5', '21', '15', '32.5', '31.85'),
('UCD76', 'هێژا شێرزاد نامق عبدالكريم', '18.6', '21.75', '12.8125', '20.375', '18.75', '15', '32.5', '30.1'),
('UCD77', 'هێڤين لوقمان محمود أحمد', '16.6', '23', '14.375', '21.125', '15', '15', '29.5', '29.05'),
('UCD78', 'يوسف اسعد عبدالوهاب رِسولَ', '14.4', '22.25', '10', '18.875', '18.5', '15', '31.5', '29.4'),
('UCD79', 'ئاسوده احمد صالح كريم', '18.6', '25', '16.25', '23', '20', '15', '33', '30.1'),
('UCD80', 'ئاشنا عبداللة صالح احمد', '16.8', '24.75', '12.1875', '23', '21', '15', '34.5', '30.45'),
('UCD81', 'ئاڤێستا مصطفى احمد حكيم', 'absent', 'absent', 'absent', 'absent', 'absent', 'absent', 'absent', 'absent'),
('UCD82', 'ئاكار محمد محمد رحيم', '11.6', '17.75', '10', '22.375', '20.75', '15', '33', '29.05'),
('UCD83', 'ئالان شێرزاد لطيف حسن', '14.6', '22.5', '10.9375', '21.5', '24.5', '15', '32', '27.3'),
('UCD84', 'ئاوا ماكؤك حمد', '20', '25', '17.1875', '24.75', '23.5', '15', '35', '30.45'),
('UCD85', 'ئه‌ژى زانا رؤؤف حسن', '17.8', '23.75', '14.6875', '20.625', '22.75', '15', '34', '28.7'),
('UCD86', 'سوما نازم على', '8.2', 'absent', 'absent', 'absent', 'absent', '13.7', 'absent', 'absent'),
('UCD87', 'جرو احمد', 'absent', 'absent', 'absent', 'absent', 'absent', 'absent', 'absent', 'absent'),
('UCD88', 'عبد الجليل حسن ', 'absent', 'absent', 'absent', 'absent', '17.5', 'absent', '31.5', '26.25'),
('UCD89', 'زهرا ته‌ها امين', '15.2', 'absent', 'absent', 'absent', 'absent', 'absent', 'absent', 'absent');

-- --------------------------------------------------------

--
-- Table structure for table `third`
--

CREATE TABLE `third` (
  `id` varchar(10) NOT NULL,
  `name` varchar(50) DEFAULT NULL,
  `Conservative Dentistry` varchar(50) DEFAULT NULL,
  `Prosthodontics` varchar(50) DEFAULT NULL,
  `Oral Surgery` varchar(50) DEFAULT NULL,
  `Pharmacology` varchar(50) DEFAULT NULL,
  `General Surgery` varchar(50) DEFAULT NULL,
  `General Pathology` varchar(50) DEFAULT NULL,
  `General Medicine` varchar(50) DEFAULT NULL,
  `Community Medicine` varchar(50) DEFAULT NULL,
  `Microbiology` varchar(50) DEFAULT NULL
) ENGINE=InnoDB DEFAULT CHARSET=utf8mb4;

--
-- Dumping data for table `third`
--

INSERT INTO `third` (`id`, `name`, `Conservative Dentistry`, `Prosthodontics`, `Oral Surgery`, `Pharmacology`, `General Surgery`, `General Pathology`, `General Medicine`, `Community Medicine`, `Microbiology`) VALUES
('1uPeCfl2', 'شه‌ن صابر حامد', NULL, NULL, NULL, NULL, NULL, NULL, NULL, NULL, NULL),
('24SCOaMM', 'داستان جوهر عمر حسن', NULL, NULL, NULL, NULL, NULL, NULL, NULL, NULL, NULL),
('2OgeqOxY', 'باخچه بايز جمال مستةفا', NULL, NULL, NULL, NULL, NULL, NULL, NULL, NULL, NULL),
('38BSNTLJ', 'محمد ظاهر مرشد  ', NULL, NULL, NULL, NULL, NULL, NULL, NULL, NULL, NULL),
('3MbJhx9v', 'باخچه انوه‌ر حمه سعيد', NULL, NULL, NULL, NULL, NULL, NULL, NULL, NULL, NULL),
('5912rTEQ', 'شێنێ حميد صابر عبدالله', NULL, NULL, NULL, NULL, NULL, NULL, NULL, NULL, NULL),
('5UsVsTYj', 'عمر خالد  احمد ابراهيم', NULL, NULL, NULL, NULL, NULL, NULL, NULL, NULL, NULL),
('6jUzH4Tj', 'ئامانج اسماعيل طاهر قادر', NULL, NULL, NULL, NULL, NULL, NULL, NULL, NULL, NULL),
('6UvciV1l', 'عمر ثامر حميد محمد', NULL, NULL, NULL, NULL, NULL, NULL, NULL, NULL, NULL),
('6vEaARCB', 'سۆزان سلام محمد امين حسن', NULL, NULL, NULL, NULL, NULL, NULL, NULL, NULL, NULL),
('7qmE1lFr', 'كۆسره‌ت دڵشاد محمد عزيز', NULL, NULL, NULL, NULL, NULL, NULL, NULL, NULL, NULL),
('7yWmhgpQ', 'محمد رۆستم عبيد محمد', NULL, NULL, NULL, NULL, NULL, NULL, NULL, NULL, NULL),
('8mXGMR5m', 'لينا اميد قادر محمود', NULL, NULL, NULL, NULL, NULL, NULL, NULL, NULL, NULL),
('9Pz2L4Bg', 'ڕه‌وا رفيق محمد صديق', NULL, NULL, NULL, NULL, NULL, NULL, NULL, NULL, NULL),
('9WJmzzY0', 'كۆشيش حسن سيده على', NULL, NULL, NULL, NULL, NULL, NULL, NULL, NULL, NULL),
('AIXUO4n1', 'له‌نيا ئاوات عمر', NULL, NULL, NULL, NULL, NULL, NULL, NULL, NULL, NULL),
('ARZH7s5t', 'شيلاز محمد عبدالله مسته‌فا', NULL, NULL, NULL, NULL, NULL, NULL, NULL, NULL, NULL),
('AtzA0of8', 'لاڤين محمد حمه عزيز', NULL, NULL, NULL, NULL, NULL, NULL, NULL, NULL, NULL),
('bBxF3JfL', 'محمد على محمد  سليمان', NULL, NULL, NULL, NULL, NULL, NULL, NULL, NULL, NULL),
('bG32ShDj', 'ره‌ند سامان محمد', NULL, NULL, NULL, NULL, NULL, NULL, NULL, NULL, NULL),
('C0aGGuEM', 'زريان كمال محمد مصطفى رسولَ', NULL, NULL, NULL, NULL, NULL, NULL, NULL, NULL, NULL),
('cEjz7hYu', 'سمية عطا محمد احمد', NULL, NULL, NULL, NULL, NULL, NULL, NULL, NULL, NULL),
('cntbErrn', 'زريوه على محمد ره‌شيد', NULL, NULL, NULL, NULL, NULL, NULL, NULL, NULL, NULL),
('CTBN3451', 'ڕێڤان ‌هۆشیار سالار (General Pathology) عبور', NULL, NULL, NULL, NULL, NULL, NULL, NULL, NULL, NULL),
('DDD666YY', 'میران حکمت محمد', '100', '59', '79', '0', '24', '91', '100', '50', '99'),
('dFnaoKQR', 'بنار محمد حسن محمد', NULL, NULL, NULL, NULL, NULL, NULL, NULL, NULL, NULL),
('dNwsCaaJ', 'هانا عبدلسلام محمد', NULL, NULL, NULL, NULL, '', NULL, NULL, NULL, NULL),
('e0kqhKTw', 'ڕه‌يان صديق سلام محمود', NULL, NULL, NULL, NULL, NULL, NULL, NULL, NULL, NULL),
('eDKdZBdb', 'شكار عمر محمد رحيم', NULL, NULL, NULL, NULL, NULL, NULL, NULL, NULL, NULL),
('eLabcTrh', 'دانا سليم محمد', NULL, NULL, NULL, NULL, NULL, NULL, NULL, NULL, NULL),
('f9V54IIE', 'يار محمد عمر', NULL, NULL, NULL, NULL, NULL, NULL, NULL, NULL, NULL),
('f9y8ZOVE', 'گه‌لاوێژ خليل محمود عبدالرحمن ', NULL, NULL, NULL, NULL, NULL, NULL, NULL, NULL, NULL),
('FkrZyQpz', 'شێنێ عبدالله قادر', NULL, NULL, NULL, NULL, NULL, NULL, NULL, NULL, NULL),
('Fm8Q2Umw', 'عبدالجليل  حسن محمود', NULL, NULL, NULL, NULL, NULL, NULL, NULL, NULL, NULL),
('fsBGn3WB', 'لارا كنعان جبار', NULL, NULL, NULL, NULL, NULL, NULL, NULL, NULL, NULL),
('G8bBDwXs', 'محمد حمه عبدالله  حمد امين', NULL, NULL, NULL, NULL, NULL, NULL, NULL, NULL, NULL),
('gg2PhStW', 'باڤین محمد صالح', NULL, NULL, NULL, NULL, NULL, NULL, NULL, NULL, NULL),
('gGIzfloD', 'بانو اكرم عبدالرحمن محمود', NULL, NULL, NULL, NULL, NULL, NULL, NULL, NULL, NULL),
('GZiZKktR', 'چيا احمد حمه عزيز', NULL, NULL, NULL, NULL, NULL, NULL, NULL, NULL, NULL),
('HFGNLnQA', 'سۆنيا اسماعيل على احمد', NULL, NULL, NULL, NULL, NULL, NULL, NULL, NULL, NULL),
('HGiJk9EG', 'له‌نيا سردار عبدالله ابراهيم ', NULL, NULL, NULL, NULL, NULL, NULL, NULL, NULL, NULL),
('HrdXhT8w', 'که‌ستانه جمال حسن على', NULL, NULL, NULL, NULL, NULL, NULL, NULL, NULL, NULL),
('HXk5ZuzT', 'ئه‌ژین فلاح احمد محمد', NULL, NULL, NULL, NULL, NULL, NULL, NULL, NULL, NULL),
('iO3Md8uE', 'شايى  شوان عثمان', NULL, NULL, NULL, NULL, NULL, NULL, NULL, NULL, NULL),
('izlskYVJ', 'لۆزان محمد رِشيد فارس', NULL, NULL, NULL, NULL, NULL, NULL, NULL, NULL, NULL),
('J3joa3KS', 'هاوڕێ محمد معروف على', NULL, NULL, NULL, NULL, NULL, NULL, NULL, NULL, NULL),
('J6kM10Jd', 'داليا فرهاد احمد سليم', NULL, NULL, NULL, NULL, NULL, NULL, NULL, NULL, NULL),
('JDMHLJ7c', 'ڕێبه‌ر كريم شوكر محمد', NULL, NULL, NULL, NULL, NULL, NULL, NULL, NULL, NULL),
('JobvJSJS', 'شه‌نگه شوان كريم صالح', NULL, NULL, NULL, NULL, NULL, NULL, NULL, NULL, NULL),
('jpwyIcSH', 'سۆما عبدالله تۆفيق احمد', NULL, NULL, NULL, NULL, '', NULL, NULL, NULL, NULL),
('Js3Ag82q', 'باهۆز ئاراس رؤؤف', NULL, NULL, NULL, NULL, NULL, NULL, NULL, NULL, NULL),
('kdU7Uw1h', 'بێشوان ابراهيم كريم مولود', NULL, NULL, NULL, NULL, NULL, NULL, NULL, NULL, NULL),
('kjP4jGnJ', 'شكۆ عطا على فتاح', NULL, NULL, NULL, NULL, NULL, NULL, NULL, NULL, NULL),
('KLJG67UU', 'فرمێسك طارق محمود (Oral Surgery) عبور', NULL, NULL, NULL, NULL, NULL, NULL, NULL, NULL, NULL),
('KV7YxvBV', 'ڕێناس حسين  كريم', NULL, NULL, NULL, NULL, NULL, NULL, NULL, NULL, NULL),
('L3vt1Muv', 'زانكۆ نه‌وزاد عثمان احمد ', NULL, NULL, NULL, NULL, NULL, NULL, NULL, NULL, NULL),
('ljHwgwF2', 'دێرين ته‌ها رحيم', NULL, NULL, NULL, NULL, NULL, NULL, NULL, NULL, NULL),
('lvYKKV6Z', 'لاڤه رحمان محمد ', NULL, NULL, NULL, NULL, NULL, NULL, NULL, NULL, NULL),
('lxvRsH97', 'خه‌یاڵ ناجى محمود احمد', NULL, NULL, NULL, NULL, NULL, NULL, NULL, NULL, NULL),
('M0MBO0hb', 'ئه‌ڤین انوه‌ر رحمان', NULL, NULL, NULL, NULL, NULL, NULL, NULL, NULL, NULL),
('mAUMd9if', 'کۆچیار رۆستم محمد', NULL, NULL, NULL, NULL, NULL, NULL, NULL, NULL, NULL),
('MGdiK0zT', 'كاشما جمال على محمد', NULL, NULL, NULL, NULL, NULL, NULL, NULL, NULL, NULL),
('mJr1NKbX', 'زانيار محمد رسولَ عبداللة', NULL, NULL, NULL, NULL, NULL, NULL, NULL, NULL, NULL),
('mOcJdw4p', 'ئه‌ستێره مسته‌فا فتاح حسن', NULL, NULL, NULL, NULL, NULL, NULL, NULL, NULL, NULL),
('NdVactDl', 'به‌نان كارزان احمد', NULL, NULL, NULL, NULL, NULL, NULL, NULL, NULL, NULL),
('NeDsOB32', 'هاڤى حسن محمد مجيد', NULL, NULL, NULL, NULL, NULL, NULL, NULL, NULL, NULL),
('NMB76HJK', 'ئاریا ئالان محمد  (Oral Surgery) عبور', NULL, NULL, NULL, NULL, NULL, NULL, NULL, NULL, NULL),
('NMBV456R', 'سانا موفق صلاح الدین (General Pathology) عبور', NULL, NULL, NULL, NULL, NULL, NULL, NULL, NULL, NULL),
('NPh1W7ux', 'نه‌ژاد فايه‌ق محمود', NULL, NULL, NULL, NULL, NULL, NULL, NULL, NULL, NULL),
('Nusosy1G', 'دييه ازاد رِشيد رِحيم', NULL, NULL, NULL, NULL, NULL, NULL, NULL, NULL, NULL),
('OekeNubf', 'لاز نورۆز عزيز محمد', NULL, NULL, NULL, NULL, NULL, NULL, NULL, NULL, NULL),
('oh5RzPDg', 'ئارێز ابوبكر فريق سعيد', NULL, NULL, NULL, NULL, NULL, NULL, NULL, NULL, NULL),
('oLB6mfWp', 'تاژان صديق محمد عزيز', NULL, NULL, NULL, NULL, NULL, NULL, NULL, NULL, NULL),
('OlqN90xe', 'به‌رزى طاهر ابراهيم', NULL, NULL, NULL, NULL, NULL, NULL, NULL, NULL, NULL),
('OoVx37ug', 'محمد فخرالدين نورى غفور', NULL, NULL, NULL, NULL, NULL, NULL, NULL, NULL, NULL),
('OZkbAK19', 'كۆسار عبدالله شريف على', NULL, NULL, NULL, NULL, NULL, NULL, NULL, NULL, NULL),
('p8TYsPpq', 'ڤيان ابوبكر احمد', NULL, NULL, NULL, NULL, NULL, NULL, NULL, NULL, NULL),
('pf0bH7cb', 'ساكار لوقمان غفور رِشيد', NULL, NULL, NULL, NULL, NULL, NULL, NULL, NULL, NULL),
('PfEKPihk', 'محمد فراس حليم  رشيد', NULL, NULL, NULL, NULL, NULL, NULL, NULL, NULL, NULL),
('Pg2AhIEN', 'سيڤه‌ر كمال كريم مجيد', NULL, NULL, NULL, NULL, NULL, NULL, NULL, NULL, NULL),
('pShaVcCE', 'په‌یام حاجى عيس صالح', NULL, NULL, NULL, NULL, NULL, NULL, NULL, NULL, NULL),
('qbTb46WF', 'عمر عبدالله محمود احمد', NULL, NULL, NULL, NULL, NULL, NULL, NULL, NULL, NULL),
('qSKC8lKF', 'محمد ادم عزيز خضر', NULL, NULL, NULL, NULL, NULL, NULL, NULL, NULL, NULL),
('qWTveBHs', 'ويدا طه احمد محمد', NULL, NULL, NULL, NULL, NULL, NULL, NULL, NULL, NULL),
('qy2a36SX', 'گۆنا ستار ره‌حيم احمد', NULL, NULL, NULL, NULL, NULL, NULL, NULL, NULL, NULL),
('rFCMYkjg', 'رانيه عصام موفق حسين', NULL, NULL, NULL, NULL, NULL, NULL, NULL, NULL, NULL),
('Ry3dQrSC', 'شێنێ عضيم معروف حسن', NULL, NULL, NULL, NULL, NULL, NULL, NULL, NULL, NULL),
('s7H9iNBW', 'داروان سالار حيدر عزيز', NULL, NULL, NULL, NULL, NULL, NULL, NULL, NULL, NULL),
('sAWD6fpO', 'ڕۆژگار مصطفى ابراهيم', NULL, NULL, NULL, NULL, NULL, NULL, NULL, NULL, NULL),
('sIWivBXS', 'ڕۆژگار ئازاد فريدون حمه امين', NULL, NULL, NULL, NULL, NULL, NULL, NULL, NULL, NULL),
('SKY3K1X6', 'نزار گه‌رميان حمه حسين', NULL, NULL, NULL, NULL, NULL, NULL, NULL, NULL, NULL),
('SomCPNka', 'پاڤه‌ند سليمان حمد مينه', NULL, NULL, NULL, NULL, NULL, NULL, NULL, NULL, NULL),
('SYM49Ref', 'سارا عثمان حسين  احمد', NULL, NULL, NULL, NULL, NULL, NULL, NULL, NULL, NULL),
('TksYUCgH', 'دانيار على حمه‌لاو على', NULL, NULL, NULL, NULL, NULL, NULL, NULL, NULL, NULL),
('TLHFvFeb', 'محمد والى كريم عزيز', NULL, NULL, NULL, NULL, NULL, NULL, NULL, NULL, NULL),
('tMJ2NLjP', 'ڕێباز سعيد عبدالله', NULL, NULL, NULL, NULL, NULL, NULL, NULL, NULL, NULL),
('tOuQStgU', 'هه‌وراز سعيد صالح', NULL, NULL, NULL, NULL, NULL, NULL, NULL, NULL, NULL),
('Twy5qRlk', 'ئيلهام محمد  كريم', NULL, NULL, NULL, NULL, NULL, NULL, NULL, NULL, NULL),
('uQ1FKoZb', 'هاوناز حامد احمد على ', NULL, NULL, NULL, NULL, NULL, NULL, NULL, NULL, NULL),
('URkO2sSQ', 'ساسان ابوبكر على', NULL, NULL, NULL, NULL, NULL, NULL, NULL, NULL, NULL),
('Uu77Jyry', 'هدير رياض عدنان', NULL, NULL, NULL, NULL, NULL, NULL, NULL, NULL, NULL),
('V4vzKzTu', 'سناء نعمان عمر محمد ', NULL, NULL, NULL, NULL, NULL, NULL, NULL, NULL, NULL),
('VBVbXv7u', 'شنيا رفيق محمد سليم', NULL, NULL, NULL, NULL, NULL, NULL, NULL, NULL, NULL),
('Vcvi0PfU', 'سوهه‌يب محمد فرج', NULL, NULL, NULL, NULL, NULL, NULL, NULL, NULL, NULL),
('VfKj1eeN', 'گۆران عدنان عثمان عزيز', NULL, NULL, NULL, NULL, NULL, NULL, NULL, NULL, NULL),
('vmG4DVKj', 'ليلان  به‌رزان  محمد', NULL, NULL, NULL, NULL, NULL, NULL, NULL, NULL, NULL),
('VoYIKCv2', 'هه‌ڵۆ صلاح عمر اسماعيل', NULL, NULL, NULL, NULL, NULL, NULL, NULL, NULL, NULL),
('VZngfzKa', 'جانشير محمود حسن يوسف', NULL, NULL, NULL, NULL, NULL, NULL, NULL, NULL, NULL),
('vZY82KCo', 'محمد رحيم  كريم حمه صالح', NULL, NULL, NULL, NULL, NULL, NULL, NULL, NULL, NULL),
('wCKKi7k9', 'ڕێدین رؤؤف حمه‌ امين', NULL, NULL, NULL, NULL, NULL, NULL, NULL, NULL, NULL),
('XEXwZhcx', 'ڕۆژه محمد سالار', NULL, NULL, NULL, NULL, NULL, NULL, NULL, NULL, NULL),
('xK1QBwNM', 'هه‌ژان ابوبكر يايز', NULL, NULL, NULL, NULL, NULL, NULL, NULL, NULL, NULL),
('xofWxk4i', 'ديدار عبدالجبار ستار', NULL, NULL, NULL, NULL, NULL, NULL, NULL, NULL, NULL),
('XRnlhILL', 'دنيا طه عبدالقادر عبدالله', NULL, NULL, NULL, NULL, NULL, NULL, NULL, NULL, NULL),
('yU41iKHW', 'هۆگر فاروق تۆفيق', NULL, NULL, NULL, NULL, NULL, NULL, NULL, NULL, NULL),
('zdePfNUW', 'كاربين بێستون كريم محمد', NULL, NULL, NULL, NULL, NULL, NULL, NULL, NULL, NULL),
('ZdzkMi5W', 'ژيار كريم فرج حمد', NULL, NULL, NULL, NULL, NULL, NULL, NULL, NULL, NULL),
('zjRNdTr5', 'سجاد جميل عبدالحسين محمود', NULL, NULL, NULL, NULL, NULL, NULL, NULL, NULL, NULL);

-- --------------------------------------------------------

--
-- Table structure for table `thirdstage`
--

CREATE TABLE `thirdstage` (
  `id` varchar(10) NOT NULL,
  `name` varchar(80) DEFAULT NULL,
  `Conservative Dentistry` varchar(50) DEFAULT NULL,
  `Prosthodontics` varchar(50) DEFAULT NULL,
  `Oral Surgery` varchar(50) DEFAULT NULL,
  `Pharmacology` varchar(50) DEFAULT NULL,
  `General Surgery` varchar(50) DEFAULT NULL,
  `General Pathology` varchar(50) DEFAULT NULL,
  `General Medicine` varchar(50) DEFAULT NULL,
  `Community Medicine` varchar(50) DEFAULT NULL
) ENGINE=InnoDB DEFAULT CHARSET=utf8mb4;

--
-- Dumping data for table `thirdstage`
--

INSERT INTO `thirdstage` (`id`, `name`, `Conservative Dentistry`, `Prosthodontics`, `Oral Surgery`, `Pharmacology`, `General Surgery`, `General Pathology`, `General Medicine`, `Community Medicine`) VALUES
('1uPeCfl2', 'شه‌ن صابر حامد', 'NULL', 'NULL', 'NULL', 'NULL', '84', 'NULL', 'NULL', 'NULL'),
('24SCOaMM', 'داستان جوهر عمر حسن', 'NULL', 'NULL', 'NULL', 'NULL', '74', 'NULL', 'NULL', 'NULL'),
('2OgeqOxY', 'باخچه بايز جمال مستةفا', 'NULL', 'NULL', 'NULL', 'NULL', '88', 'NULL', 'NULL', 'NULL'),
('38BSNTLJ', 'محمد ظاهر مرشد', 'NULL', 'NULL', 'NULL', 'NULL', '70', 'NULL', 'NULL', 'NULL'),
('3MbJhx9v', 'باخچه انوه‌ر حمه سعيد', 'NULL', 'NULL', 'NULL', 'NULL', '79', 'NULL', 'NULL', 'NULL'),
('5912rTEQ', 'شێنێ حميد صابر عبدالله', 'NULL', 'NULL', 'NULL', 'NULL', '66', 'NULL', 'NULL', 'NULL'),
('5UsVsTYj', 'عمر خالد احمد ابراهيم', 'NULL', 'NULL', 'NULL', 'NULL', '79', 'NULL', 'NULL', 'NULL'),
('6jUzH4Tj', 'ئامانج اسماعيل طاهر قادر', 'NULL', 'NULL', 'NULL', 'NULL', '72', 'NULL', 'NULL', 'NULL'),
('6UvciV1l', 'عمر ثامر حميد محمد', 'NULL', 'NULL', 'NULL', 'NULL', '78', 'NULL', 'NULL', 'NULL'),
('6vEaARCB', 'سۆزان سلام محمد امين حسن', 'NULL', 'NULL', 'NULL', 'NULL', '73', 'NULL', 'NULL', 'NULL'),
('7qmE1lFr', 'كۆسره‌ت دڵشاد محمد عزيز', 'NULL', 'NULL', 'NULL', 'NULL', '79', 'NULL', 'NULL', 'NULL'),
('7yWmhgpQ', 'محمد رۆستم عبيد محمد', 'NULL', 'NULL', 'NULL', 'NULL', '70', 'NULL', 'NULL', 'NULL'),
('8mXGMR5m', 'لينا اميد قادر محمود', 'NULL', 'NULL', 'NULL', 'NULL', '83', 'NULL', 'NULL', 'NULL'),
('9Pz2L4Bg', 'ڕه‌وا رفيق محمد صديق', 'NULL', 'NULL', 'NULL', 'NULL', '66', 'NULL', 'NULL', 'NULL'),
('9WJmzzY0', 'كۆشيش حسن سيده على', 'NULL', 'NULL', 'NULL', 'NULL', '66', 'NULL', 'NULL', 'NULL'),
('AIXUO4n1', 'له‌نيا ئاوات عمر', 'NULL', 'NULL', 'NULL', 'NULL', '73', 'NULL', 'NULL', 'NULL'),
('ARZH7s5t', 'شيلاز محمد عبدالله مسته‌فا', 'NULL', 'NULL', 'NULL', 'NULL', '70', 'NULL', 'NULL', 'NULL'),
('AtzA0of8', 'لاڤين محمد حمه عزيز', 'NULL', 'NULL', 'NULL', 'NULL', '69', 'NULL', 'NULL', 'NULL'),
('bBxF3JfL', 'محمد على محمد سليمان', 'NULL', 'NULL', 'NULL', 'NULL', '77', 'NULL', 'NULL', 'NULL'),
('bG32ShDj', 'ره‌ند سامان محمد', 'NULL', 'NULL', 'NULL', 'NULL', '87', 'NULL', 'NULL', 'NULL'),
('C0aGGuEM', 'زريان كمال محمد مصطفى رسولَ', 'NULL', 'NULL', 'NULL', 'NULL', '83', 'NULL', 'NULL', 'NULL'),
('cEjz7hYu', 'سمية عطا محمد احمد', 'NULL', 'NULL', 'NULL', 'NULL', '76', 'NULL', 'NULL', 'NULL'),
('cntbErrn', 'زريوه على محمد ره‌شيد', 'NULL', 'NULL', 'NULL', 'NULL', '82', 'NULL', 'NULL', 'NULL'),
('CTBN3451', 'ڕێڤان ‌هۆشیار سالار (General Pathology) عبور', 'NULL', 'NULL', 'NULL', 'NULL', 'NULL', 'NULL', 'NULL', 'NULL'),
('DDD666YY', 'میران حکمت محمد', '100', '59', '79', '0', '24', '91', '100', '50'),
('dFnaoKQR', 'بنار محمد حسن محمد', 'NULL', 'NULL', 'NULL', 'NULL', 'nill', 'NULL', 'NULL', 'NULL'),
('dNwsCaaJ', 'هانا عبدلسلام محمد', 'NULL', 'NULL', 'NULL', 'NULL', '87', 'NULL', 'NULL', 'NULL'),
('e0kqhKTw', 'ڕه‌يان صديق سلام محمود', 'NULL', 'NULL', 'NULL', 'NULL', '80', 'NULL', 'NULL', 'NULL'),
('eDKdZBdb', 'شكار عمر محمد رحيم', 'NULL', 'NULL', 'NULL', 'NULL', '76', 'NULL', 'NULL', 'NULL'),
('eLabcTrh', 'دانا سليم محمد', 'NULL', 'NULL', 'NULL', 'NULL', '78', 'NULL', 'NULL', 'NULL'),
('f9V54IIE', 'يار محمد عمر', 'NULL', 'NULL', 'NULL', 'NULL', '70', 'NULL', 'NULL', 'NULL'),
('f9y8ZOVE', 'گه‌لاوێژ خليل محمود عبدالرحمن', 'NULL', 'NULL', 'NULL', 'NULL', '73', 'NULL', 'NULL', 'NULL'),
('FkrZyQpz', 'شێنێ عبدالله قادر', 'NULL', 'NULL', 'NULL', 'NULL', '78', 'NULL', 'NULL', 'NULL'),
('Fm8Q2Umw', 'عبدالجليل حسن محمود', 'NULL', 'NULL', 'NULL', 'NULL', 'nill', 'NULL', 'NULL', 'NULL'),
('fsBGn3WB', 'لارا كنعان جبار', 'NULL', 'NULL', 'NULL', 'NULL', '78', 'NULL', 'NULL', 'NULL'),
('G8bBDwXs', 'محمد حمه عبدالله حمد امين', 'NULL', 'NULL', 'NULL', 'NULL', '73', 'NULL', 'NULL', 'NULL'),
('gg2PhStW', 'باڤین محمد صالح', 'NULL', 'NULL', 'NULL', 'NULL', '80', 'NULL', 'NULL', 'NULL'),
('gGIzfloD', 'بانو اكرم عبدالرحمن محمود', 'NULL', 'NULL', 'NULL', 'NULL', '84', 'NULL', 'NULL', 'NULL'),
('GZiZKktR', 'چيا احمد حمه عزيز', 'NULL', 'NULL', 'NULL', 'NULL', '63', 'NULL', 'NULL', 'NULL'),
('HFGNLnQA', 'سۆنيا اسماعيل على احمد', 'NULL', 'NULL', 'NULL', 'NULL', '79', 'NULL', 'NULL', 'NULL'),
('HGiJk9EG', 'له‌نيا سردار عبدالله ابراهيم', 'NULL', 'NULL', 'NULL', 'NULL', '74', 'NULL', 'NULL', 'NULL'),
('HrdXhT8w', 'که‌ستانه جمال حسن على', 'NULL', 'NULL', 'NULL', 'NULL', '81', 'NULL', 'NULL', 'NULL'),
('HXk5ZuzT', 'ئه‌ژین فلاح احمد محمد', 'NULL', 'NULL', 'NULL', 'NULL', '73', 'NULL', 'NULL', 'NULL'),
('iO3Md8uE', 'شايى شوان عثمان', 'NULL', 'NULL', 'NULL', 'NULL', '79', 'NULL', 'NULL', 'NULL'),
('izlskYVJ', 'لۆزان محمد رِشيد فارس', 'NULL', 'NULL', 'NULL', 'NULL', '63', 'NULL', 'NULL', 'NULL'),
('J3joa3KS', 'هاوڕێ محمد معروف على', 'NULL', 'NULL', 'NULL', 'NULL', '85', 'NULL', 'NULL', 'NULL'),
('J6kM10Jd', 'داليا فرهاد احمد سليم', 'NULL', 'NULL', 'NULL', 'NULL', '79', 'NULL', 'NULL', 'NULL'),
('JDMHLJ7c', 'ڕێبه‌ر كريم شوكر محمد', 'NULL', 'NULL', 'NULL', 'NULL', '63', 'NULL', 'NULL', 'NULL'),
('JobvJSJS', 'شه‌نگه شوان كريم صالح', 'NULL', 'NULL', 'NULL', 'NULL', '86', 'NULL', 'NULL', 'NULL'),
('jpwyIcSH', 'سۆما عبدالله تۆفيق احمد', 'NULL', 'NULL', 'NULL', 'NULL', '65', 'NULL', 'NULL', 'NULL'),
('Js3Ag82q', 'باهۆز ئاراس رؤؤف', 'NULL', 'NULL', 'NULL', 'NULL', '69', 'NULL', 'NULL', 'NULL'),
('kdU7Uw1h', 'بێشوان ابراهيم كريم مولود', 'NULL', 'NULL', 'NULL', 'NULL', '78', 'NULL', 'NULL', 'NULL'),
('kjP4jGnJ', 'شكۆ عطا على فتاح', 'NULL', 'NULL', 'NULL', 'NULL', '80', 'NULL', 'NULL', 'NULL'),
('KLJG67UU', 'فرمێسك طارق محمود (Oral Surgery) عبور', 'NULL', 'NULL', 'NULL', 'NULL', 'nill', 'NULL', 'NULL', 'NULL'),
('KV7YxvBV', 'ڕێناس حسين كريم', 'NULL', 'NULL', 'NULL', 'NULL', '80', 'NULL', 'NULL', 'NULL'),
('L3vt1Muv', 'زانكۆ نه‌وزاد عثمان احمد', 'NULL', 'NULL', 'NULL', 'NULL', '84', 'NULL', 'NULL', 'NULL'),
('ljHwgwF2', 'دێرين ته‌ها رحيم', 'NULL', 'NULL', 'NULL', 'NULL', '83', 'NULL', 'NULL', 'NULL'),
('lvYKKV6Z', 'لاڤه رحمان محمد', 'NULL', 'NULL', 'NULL', 'NULL', '84', 'NULL', 'NULL', 'NULL'),
('lxvRsH97', 'خه‌یاڵ ناجى محمود احمد', 'NULL', 'NULL', 'NULL', 'NULL', '90', 'NULL', 'NULL', 'NULL'),
('M0MBO0hb', 'ئه‌ڤین انوه‌ر رحمان', 'NULL', 'NULL', 'NULL', 'NULL', '76', 'NULL', 'NULL', 'NULL'),
('mAUMd9if', 'کۆچیار رۆستم محمد', 'NULL', 'NULL', 'NULL', 'NULL', '62', 'NULL', 'NULL', 'NULL'),
('MGdiK0zT', 'كاشما جمال على محمد', 'NULL', 'NULL', 'NULL', 'NULL', '61', 'NULL', 'NULL', 'NULL'),
('mJr1NKbX', 'زانيار محمد رسولَ عبداللة', 'NULL', 'NULL', 'NULL', 'NULL', '80', 'NULL', 'NULL', 'NULL'),
('mOcJdw4p', 'ئه‌ستێره مسته‌فا فتاح حسن', 'NULL', 'NULL', 'NULL', 'NULL', '68', 'NULL', 'NULL', 'NULL'),
('NdVactDl', 'به‌نان كارزان احمد', 'NULL', 'NULL', 'NULL', 'NULL', '77', 'NULL', 'NULL', 'NULL'),
('NeDsOB32', 'هاڤى حسن محمد مجيد', 'NULL', 'NULL', 'NULL', 'NULL', '67', 'NULL', 'NULL', 'NULL'),
('NMB76HJK', 'ئاریا ئالان محمد (Oral Surgery) عبور', 'NULL', 'NULL', 'NULL', 'NULL', 'nill', 'NULL', 'NULL', 'NULL'),
('NMBV456R', 'سانا موفق صلاح الدین (General Pathology) عبور', 'NULL', 'NULL', 'NULL', 'NULL', 'nill', 'NULL', 'NULL', 'NULL'),
('NPh1W7ux', 'نه‌ژاد فايه‌ق محمود', 'NULL', 'NULL', 'NULL', 'NULL', '65', 'NULL', 'NULL', 'NULL'),
('Nusosy1G', 'دييه ازاد رِشيد رِحيم', 'NULL', 'NULL', 'NULL', 'NULL', '84', 'NULL', 'NULL', 'NULL'),
('OekeNubf', 'لاز نورۆز عزيز محمد', 'NULL', 'NULL', 'NULL', 'NULL', '85', 'NULL', 'NULL', 'NULL'),
('oh5RzPDg', 'ئارێز ابوبكر فريق سعيد', 'NULL', 'NULL', 'NULL', 'NULL', '85', 'NULL', 'NULL', 'NULL'),
('oLB6mfWp', 'تاژان صديق محمد عزيز', 'NULL', 'NULL', 'NULL', 'NULL', '89', 'NULL', 'NULL', 'NULL'),
('OlqN90xe', 'به‌رزى طاهر ابراهيم', 'NULL', 'NULL', 'NULL', 'NULL', '82', 'NULL', 'NULL', 'NULL'),
('OoVx37ug', 'محمد فخرالدين نورى غفور', 'NULL', 'NULL', 'NULL', 'NULL', '80', 'NULL', 'NULL', 'NULL'),
('OZkbAK19', 'كۆسار عبدالله شريف على', 'NULL', 'NULL', 'NULL', 'NULL', '75', 'NULL', 'NULL', 'NULL'),
('p8TYsPpq', 'ڤيان ابوبكر احمد', 'NULL', 'NULL', 'NULL', 'NULL', '84', 'NULL', 'NULL', 'NULL'),
('pf0bH7cb', 'ساكار لوقمان غفور رِشيد', 'NULL', 'NULL', 'NULL', 'NULL', '86', 'NULL', 'NULL', 'NULL'),
('PfEKPihk', 'محمد فراس حليم رشيد', 'NULL', 'NULL', 'NULL', 'NULL', '82', 'NULL', 'NULL', 'NULL'),
('Pg2AhIEN', 'سيڤه‌ر كمال كريم مجيد', 'NULL', 'NULL', 'NULL', 'NULL', '84', 'NULL', 'NULL', 'NULL'),
('pShaVcCE', 'په‌یام حاجى عيس صالح', 'NULL', 'NULL', 'NULL', 'NULL', '63', 'NULL', 'NULL', 'NULL'),
('qbTb46WF', 'عمر عبدالله محمود احمد', 'NULL', 'NULL', 'NULL', 'NULL', '81', 'NULL', 'NULL', 'NULL'),
('qSKC8lKF', 'محمد ادم عزيز خضر', 'NULL', 'NULL', 'NULL', 'NULL', '70', 'NULL', 'NULL', 'NULL'),
('qWTveBHs', 'ويدا طه احمد محمد', 'NULL', 'NULL', 'NULL', 'NULL', '77', 'NULL', 'NULL', 'NULL'),
('qy2a36SX', 'گۆنا ستار ره‌حيم احمد', 'NULL', 'NULL', 'NULL', 'NULL', '70', 'NULL', 'NULL', 'NULL'),
('rFCMYkjg', 'رانيه عصام موفق حسين', 'NULL', 'NULL', 'NULL', 'NULL', '78', 'NULL', 'NULL', 'NULL'),
('Ry3dQrSC', 'شێنێ عضيم معروف حسن', 'NULL', 'NULL', 'NULL', 'NULL', '84', 'NULL', 'NULL', 'NULL'),
('s7H9iNBW', 'داروان سالار حيدر عزيز', 'NULL', 'NULL', 'NULL', 'NULL', '65', 'NULL', 'NULL', 'NULL'),
('sAWD6fpO', 'ڕۆژگار مصطفى ابراهيم', 'NULL', 'NULL', 'NULL', 'NULL', '71', 'NULL', 'NULL', 'NULL'),
('sIWivBXS', 'ڕۆژگار ئازاد فريدون حمه امين', 'NULL', 'NULL', 'NULL', 'NULL', '76', 'NULL', 'NULL', 'NULL'),
('SKY3K1X6', 'نزار گه‌رميان حمه حسين', 'NULL', 'NULL', 'NULL', 'NULL', '80', 'NULL', 'NULL', 'NULL'),
('SomCPNka', 'پاڤه‌ند سليمان حمد مينه', 'NULL', 'NULL', 'NULL', 'NULL', '54', 'NULL', 'NULL', 'NULL'),
('SYM49Ref', 'سارا عثمان حسين احمد', 'NULL', 'NULL', 'NULL', 'NULL', '77', 'NULL', 'NULL', 'NULL'),
('TksYUCgH', 'دانيار على حمه‌لاو على', 'NULL', 'NULL', 'NULL', 'NULL', '89', 'NULL', 'NULL', 'NULL'),
('TLHFvFeb', 'محمد والى كريم عزيز', 'NULL', 'NULL', 'NULL', 'NULL', '57', 'NULL', 'NULL', 'NULL'),
('tMJ2NLjP', 'ڕێباز سعيد عبدالله', 'NULL', 'NULL', 'NULL', 'NULL', '58', 'NULL', 'NULL', 'NULL'),
('tOuQStgU', 'هه‌وراز سعيد صالح', 'NULL', 'NULL', 'NULL', 'NULL', '73', 'NULL', 'NULL', 'NULL'),
('Twy5qRlk', 'ئيلهام محمد كريم', 'NULL', 'NULL', 'NULL', 'NULL', '78', 'NULL', 'NULL', 'NULL'),
('uQ1FKoZb', 'هاوناز حامد احمد على', 'NULL', 'NULL', 'NULL', 'NULL', '71', 'NULL', 'NULL', 'NULL'),
('URkO2sSQ', 'ساسان ابوبكر على', 'NULL', 'NULL', 'NULL', 'NULL', '64', 'NULL', 'NULL', 'NULL'),
('Uu77Jyry', 'هدير رياض عدنان', 'NULL', 'NULL', 'NULL', 'NULL', '81', 'NULL', 'NULL', 'NULL'),
('V4vzKzTu', 'سناء نعمان عمر محمد', 'NULL', 'NULL', 'NULL', 'NULL', '59', 'NULL', 'NULL', 'NULL'),
('VBVbXv7u', 'شنيا رفيق محمد سليم', 'NULL', 'NULL', 'NULL', 'NULL', '69', 'NULL', 'NULL', 'NULL'),
('Vcvi0PfU', 'سوهه‌يب محمد فرج', 'NULL', 'NULL', 'NULL', 'NULL', '83', 'NULL', 'NULL', 'NULL'),
('VfKj1eeN', 'گۆران عدنان عثمان عزيز', 'NULL', 'NULL', 'NULL', 'NULL', '66', 'NULL', 'NULL', 'NULL'),
('vmG4DVKj', 'ليلان به‌رزان محمد', 'NULL', 'NULL', 'NULL', 'NULL', '80', 'NULL', 'NULL', 'NULL'),
('VoYIKCv2', 'هه‌ڵۆ صلاح عمر اسماعيل', 'NULL', 'NULL', 'NULL', 'NULL', '91', 'NULL', 'NULL', 'NULL'),
('VZngfzKa', 'جانشير محمود حسن يوسف', 'NULL', 'NULL', 'NULL', 'NULL', '65', 'NULL', 'NULL', 'NULL'),
('vZY82KCo', 'محمد رحيم كريم حمه صالح', 'NULL', 'NULL', 'NULL', 'NULL', '42', 'NULL', 'NULL', 'NULL'),
('wCKKi7k9', 'ڕێدین رؤؤف حمه‌ امين', 'NULL', 'NULL', 'NULL', 'NULL', '94', 'NULL', 'NULL', 'NULL'),
('XEXwZhcx', 'ڕۆژه محمد سالار', 'NULL', 'NULL', 'NULL', 'NULL', '76', 'NULL', 'NULL', 'NULL'),
('xK1QBwNM', 'هه‌ژان ابوبكر يايز', 'NULL', 'NULL', 'NULL', 'NULL', '78', 'NULL', 'NULL', 'NULL'),
('xofWxk4i', 'ديدار عبدالجبار ستار', 'NULL', 'NULL', 'NULL', 'NULL', '69', 'NULL', 'NULL', 'NULL'),
('XRnlhILL', 'دنيا طه عبدالقادر عبدالله', 'NULL', 'NULL', 'NULL', 'NULL', '77', 'NULL', 'NULL', 'NULL'),
('yU41iKHW', 'هۆگر فاروق تۆفيق', 'NULL', 'NULL', 'NULL', 'NULL', '66', 'NULL', 'NULL', 'NULL'),
('zdePfNUW', 'كاربين بێستون كريم محمد', 'NULL', 'NULL', 'NULL', 'NULL', '52', 'NULL', 'NULL', 'NULL'),
('ZdzkMi5W', 'ژيار كريم فرج حمد', 'NULL', 'NULL', 'NULL', 'NULL', '63', 'NULL', 'NULL', 'NULL'),
('zjRNdTr5', 'سجاد جميل عبدالحسين محمود', 'NULL', 'NULL', 'NULL', 'NULL', '76', 'NULL', 'NULL', 'NULL');

--
-- Indexes for dumped tables
--

--
-- Indexes for table `fifth`
--
ALTER TABLE `fifth`
  ADD PRIMARY KEY (`id`);

--
-- Indexes for table `first`
--
ALTER TABLE `first`
  ADD PRIMARY KEY (`id`);

--
-- Indexes for table `firststage`
--
ALTER TABLE `firststage`
  ADD PRIMARY KEY (`id`);

--
-- Indexes for table `forth`
--
ALTER TABLE `forth`
  ADD PRIMARY KEY (`id`);

--
-- Indexes for table `second`
--
ALTER TABLE `second`
  ADD PRIMARY KEY (`id`);

--
-- Indexes for table `secondstage`
--
ALTER TABLE `secondstage`
  ADD PRIMARY KEY (`id`);

--
-- Indexes for table `tests`
--
ALTER TABLE `tests`
  ADD PRIMARY KEY (`id`),
  ADD UNIQUE KEY `id` (`id`);

--
-- Indexes for table `tests2`
--
ALTER TABLE `tests2`
  ADD PRIMARY KEY (`id`);

--
-- Indexes for table `third`
--
ALTER TABLE `third`
  ADD PRIMARY KEY (`id`);

--
-- Indexes for table `thirdstage`
--
ALTER TABLE `thirdstage`
  ADD PRIMARY KEY (`id`);
COMMIT;

/*!40101 SET CHARACTER_SET_CLIENT=@OLD_CHARACTER_SET_CLIENT */;
/*!40101 SET CHARACTER_SET_RESULTS=@OLD_CHARACTER_SET_RESULTS */;
/*!40101 SET COLLATION_CONNECTION=@OLD_COLLATION_CONNECTION */;
